"bmi","tg","fli60"
27.6,99,0
26,172,0
31.2,233,1
23.4,124,0
36.6,101,1
29,61,0
25.5,113,0
25.5,152,1
28.2,71,0
36.3,167,1
29.1,89,0
26.1,546,1
37,514,1
29.1,111,1
28.4,108,1
26.3,198,0
25.2,198,1
41,116,1
28.8,107,0
35.7,77,1
32.8,137,1
32.7,134,1
35,112,1
23.3,116,0
29.5,164,1
25.5,429,1
20.6,141,0
19.1,150,0
26.3,61,0
24.4,110,0
26.7,153,0
28.6,207,1
32.4,94,1
25.8,272,0
32.4,245,1
27,174,0
23.4,125,0
20.8,47,0
22.4,89,0
29.4,78,0
30.2,31,0
34.1,114,1
26.4,134,0
24.6,172,0
32.4,114,1
23,51,0
24.5,225,0
29.4,130,0
18.4,71,0
29.3,183,1
31,108,1
32,104,1
35.1,92,1
26.1,314,1
26.5,93,0
45.1,147,1
45.5,179,1
25.3,126,0
31.1,81,1
26.4,219,0
18.2,41,0
38.6,331,1
34,208,1
24.9,68,0
30.9,85,1
27.8,61,0
29.6,121,0
23.1,108,0
26.1,96,0
24.2,202,0
21.2,93,0
26.6,74,0
20.4,105,0
39.2,88,1
23.6,65,0
23.5,99,0
41.1,120,1
25.1,76,0
28.4,81,0
24,129,0
24.3,81,0
26.9,78,0
29.9,177,1
28,122,1
27,177,0
29.9,95,1
59.1,179,1
30.8,73,1
31.2,55,0
22.6,55,0
24.9,64,0
23.3,79,0
25.8,84,0
19.2,54,0
24.5,237,0
32.3,129,1
25.3,96,0
38.1,237,1
26.3,83,0
34.2,105,1
24.5,71,0
29.5,196,1
36.5,162,1
19.9,534,0
32.6,190,1
48.5,219,1
23.5,58,0
24,149,0
37.9,199,1
27.2,189,1
19.7,61,0
24.8,174,0
25.6,208,1
31.2,143,1
33,1297,1
31.8,66,0
18,66,0
21.6,60,0
26.3,150,0
36.3,73,1
23.4,38,0
33.8,320,1
40.5,300,1
50.7,108,1
24.4,94,0
27.1,108,0
25.3,112,0
28.1,42,0
20.7,102,0
30.9,59,0
17.9,55,0
48.3,55,1
21.1,56,0
36.7,181,1
29.2,82,1
20,39,0
21.7,19,0
37.4,206,1
23.6,95,0
26.5,114,1
28.8,194,1
45.5,138,1
22.7,79,0
23.7,195,0
23.7,575,1
32.1,78,1
28.4,100,0
36.2,81,1
34.3,46,1
27.1,108,0
34.9,176,1
41.7,103,1
26.9,78,0
24.3,119,0
25.8,148,0
28.5,155,1
37.9,159,1
19.4,37,0
31.5,130,1
25.4,278,0
23.8,173,0
22.8,66,0
31.6,132,1
26.6,45,0
27.2,118,0
32.1,131,1
32,221,1
31.2,49,0
24.8,59,0
28.7,94,0
25.4,149,0
21.6,71,0
34.9,350,1
24.1,93,0
27,96,0
24.8,118,0
38.2,142,1
22.6,108,0
21.6,163,0
26.6,78,0
34.2,146,1
20.4,77,0
25.5,83,0
20,137,0
29.2,105,0
22.8,83,0
32.7,118,1
32.4,175,1
29.3,167,1
30.3,46,0
24.6,60,0
30.6,105,0
34,109,1
27.7,298,1
24.9,83,0
24.3,70,0
29.3,98,1
28.6,234,0
26.5,168,0
27.6,100,0
23.3,68,0
22.7,117,0
28.4,227,1
24.3,76,0
23.7,80,0
26.3,88,1
35.2,159,1
29.6,218,1
23.7,418,1
28.3,87,0
25.1,148,0
41.9,125,1
23.5,115,0
21.2,95,0
22.7,110,0
27.5,95,0
23.8,72,0
31.6,230,1
35.1,217,1
27.7,68,0
27.4,134,0
20.9,75,0
43.5,92,1
30.6,150,1
26.1,115,0
42.4,100,1
34.3,98,1
25.8,123,1
38.8,37,1
28.1,200,1
25.1,40,0
29.1,93,0
28,228,1
32.3,150,1
39.7,92,1
24.8,91,0
27.9,86,0
42.3,108,1
37.7,442,1
36,328,1
35.5,99,1
28,223,1
30.6,229,1
26.9,107,0
25.2,63,0
20.9,31,0
28.4,139,0
23.4,231,0
31.8,146,0
29.6,98,0
25.6,73,0
28,170,1
23.4,122,0
42.1,51,1
36.1,157,1
27.4,170,0
34.2,179,1
25.3,63,0
26.4,268,1
24.2,170,0
34.7,201,1
35.9,226,1
28.7,143,1
22.2,64,0
21.9,273,0
22.1,37,0
41.4,148,1
26.5,81,0
30.1,101,1
34.2,191,1
32.6,158,1
22.9,65,0
23.8,87,0
35.8,63,1
25.8,111,0
25.4,90,0
29.2,229,1
27,77,0
37,85,1
22.4,206,0
22.7,237,0
27.9,242,1
22.5,90,0
40.5,109,1
21.2,165,0
34.5,168,1
36.6,123,1
26.7,86,0
27.7,198,1
27.3,100,0
26.4,126,0
26.6,56,0
23,91,0
26,110,0
36.8,123,1
26.4,138,0
30,308,1
24.2,53,0
32.3,87,1
27.8,113,0
26.1,196,1
23.8,175,0
31,195,1
28,646,1
29,148,1
38.9,142,1
37,136,1
31.7,253,1
29.5,97,0
32,138,1
28.8,119,1
25.6,91,0
32.1,110,1
23.7,63,0
25.3,185,0
43.7,205,1
32.4,93,1
22.1,65,0
29.2,162,1
35.4,73,1
30.8,152,1
36.8,142,1
44.2,248,1
48.5,115,1
19.6,73,0
21.3,96,0
29.1,252,1
27.4,136,0
32.5,181,1
29.2,177,1
25,165,0
32.9,189,1
25.2,42,0
24.8,135,0
32.2,211,1
24,117,0
28,107,1
28.6,179,1
25.4,152,0
29.8,31,0
36.1,136,1
22.2,89,0
19.9,60,0
25.2,184,0
16.7,93,0
25,94,0
21.9,147,0
35,83,1
30.2,467,1
30.6,231,1
25.1,94,0
19.5,103,0
23.5,89,0
29,174,0
28.2,30,0
27.7,39,0
26.2,126,0
24,121,0
24.9,95,0
31.9,67,1
31.1,229,1
26.3,64,0
30.7,66,1
34,395,1
19.7,65,0
38.2,95,1
44.4,36,1
29.9,86,1
25,105,0
22.6,125,0
30.8,176,1
28.9,98,0
26.4,1297,1
35.6,36,0
32.7,170,1
25.6,147,0
28.6,271,1
25.1,112,0
25.4,81,0
44,170,1
24.1,77,0
18.8,53,0
24.7,81,0
30.6,64,0
37.1,137,1
35.1,40,0
39.2,55,1
19.4,76,0
25.6,84,0
28.3,97,0
25.5,135,1
32.8,157,1
21.7,35,0
25.8,89,0
28.6,20,0
20.9,120,0
23.8,145,0
27.3,54,0
19.7,84,0
26.2,169,0
36.8,166,1
46.1,69,1
38,25,1
28.2,103,0
20.1,165,0
25.3,156,0
36.1,139,1
28.1,120,0
21.4,110,0
31.5,150,1
30.2,65,0
32,76,0
29.1,53,0
31.4,203,1
24.6,122,0
22,84,0
23,79,0
25.5,194,0
50.2,238,1
39.5,157,1
23,119,0
18.9,110,0
20.6,64,0
17.5,78,0
25.3,23,0
29.4,127,0
20.8,169,0
20.7,78,0
35.2,315,1
30.2,96,0
29.6,91,1
31,179,1
27.6,86,0
20.5,47,0
43.9,156,1
22.8,91,0
32.6,76,0
20.7,34,0
24.9,240,0
20.7,104,0
22,64,0
33.5,160,1
21.9,79,0
34.2,91,1
23.5,101,0
32.7,71,1
29.2,99,0
32.7,135,1
22.5,105,0
27.1,118,0
29.1,101,0
37.7,233,1
28.2,172,1
18.2,50,0
29.9,77,0
29.5,98,1
34.8,113,1
31.1,63,0
26.6,89,0
25.4,59,0
30.5,103,1
27.7,151,1
25.8,254,1
32.5,151,1
26.7,161,0
21.6,72,0
31,123,1
37.7,43,1
26.6,69,0
19.8,39,0
31.1,213,1
21.1,38,0
23.9,78,0
40.4,103,1
36,94,1
23.5,90,0
56.5,85,1
24.1,51,0
17.9,80,0
23,122,0
30.9,100,0
23,151,0
26.3,198,1
21.6,94,0
22.8,197,0
28.8,122,0
54.9,101,1
25.3,85,0
27.1,212,1
28,46,0
26.8,93,0
35.7,133,1
43.7,157,1
25.9,130,0
33.5,169,1
37.8,113,1
37.7,110,1
35.3,108,1
29,216,1
33.9,196,1
45.2,64,1
27.1,99,0
38.9,278,1
27.2,192,1
31.2,107,1
29.8,372,1
25.6,125,0
29.1,158,1
24.4,31,0
34.5,157,1
38.2,193,1
30.9,116,1
41,73,1
33.1,129,1
25.8,93,0
23.2,96,0
25.8,36,0
29.4,93,0
43,258,1
30.4,300,1
29.7,89,1
26.9,187,1
27,335,1
25.2,74,0
26.8,139,0
29,120,0
22.9,79,0
41.6,132,1
23.7,148,0
24.1,79,0
28.9,191,1
23.7,172,0
23.5,55,0
29.8,235,1
24.7,61,0
22.9,72,0
27.6,76,0
36,117,1
25.4,41,0
26.9,73,1
29,550,1
30.2,90,1
19.2,80,0
33.5,178,1
29.9,92,1
50.5,148,1
30.4,61,1
23.2,71,0
30,73,0
27.1,193,1
30.3,110,1
28.9,93,1
22.2,54,0
37.9,128,1
21.6,119,0
23.9,125,0
33.8,219,1
39.4,170,1
36.4,127,1
30.5,129,1
21,76,0
19.6,70,0
21.3,47,0
25.4,223,0
30.5,269,1
28.2,198,1
33.5,214,1
24.3,159,0
29.1,64,0
34.4,58,1
31.1,225,1
29,79,0
31.1,252,1
40.7,185,1
26.1,81,0
18.1,133,0
28.8,153,1
24.2,153,0
33.7,149,1
25,148,0
26.6,162,1
32.2,106,1
41.4,145,1
31.3,141,1
30.5,118,1
33.9,104,1
22.8,29,0
35.1,221,1
25.6,467,1
29.8,301,1
25.6,84,0
24.8,114,0
38.4,102,1
19.6,58,0
21.4,31,0
52.6,59,1
17.4,53,0
29.7,104,0
24,60,0
35.9,74,1
21.6,94,0
25.3,161,0
33.9,169,1
28.8,157,0
31.7,113,1
20.4,53,0
19.7,54,0
35.1,108,1
39,234,1
31.5,36,0
25,102,0
21.1,75,0
21,97,0
32.1,129,1
27.8,54,0
34.8,128,1
25.3,84,0
24.2,106,0
29,298,1
20.1,64,0
21.7,54,0
26.2,146,0
25.1,179,0
37.2,105,1
24.6,100,0
32.8,114,1
19.7,136,0
35.9,97,1
25.4,73,0
21,133,0
35.5,248,1
21.9,92,0
27.4,197,1
31.1,100,1
28.9,73,1
22.6,112,0
23.4,57,0
25,84,0
23.3,62,0
27.5,195,1
29,54,0
30.1,126,1
38.8,184,1
33.8,136,1
26.1,64,0
30.2,84,1
21.2,87,0
22.7,67,0
25.1,134,0
40,142,1
29.8,66,0
30,46,0
23.4,104,0
33.8,693,1
23,177,0
33.4,84,1
25.3,100,0
26.4,210,1
30,61,0
23.2,93,0
34.1,83,1
28.6,105,1
18.9,155,0
26.3,177,0
24.3,62,0
20.1,86,0
19.3,103,0
22.1,85,0
33.5,166,1
37.8,218,1
29.8,383,1
40.1,84,1
23.8,61,0
21.5,79,0
23.6,81,0
24.1,72,0
20.2,95,0
32,93,1
37.4,932,1
19.4,96,0
33.2,161,1
20.7,39,0
31.5,61,0
37.4,87,1
23,89,0
22.3,123,0
31.4,197,1
29.4,104,1
28.6,60,1
23.9,150,0
31.4,105,0
24.1,139,0
33.2,145,1
38.5,161,1
21.5,38,0
26.5,161,0
43.6,71,1
25.6,233,0
34.5,170,1
21.7,98,0
47,94,1
29.5,59,0
24.4,81,0
32.3,63,1
27.9,203,1
22.7,27,0
27.9,126,0
25.3,734,1
29.7,96,1
26.5,74,0
30.6,134,0
16.3,99,0
39.7,136,1
26.5,240,1
31.7,170,1
26.1,64,1
26.1,81,1
32.2,161,1
22.5,96,0
28.2,105,0
25.6,62,0
38.2,251,1
22.8,130,0
25,24,0
30.9,182,1
21.3,132,0
34.5,32,0
18.6,148,0
33.6,130,1
31.4,269,1
20.4,165,0
27.5,95,1
21.8,108,0
23,150,0
30.1,187,1
27.9,124,1
20.8,37,0
25.2,25,0
29.6,124,1
34.2,274,1
23.6,49,0
19.2,99,0
31.4,86,0
34,107,1
28.5,87,0
25.8,130,0
42.5,114,1
18.4,85,0
27.3,155,1
27.1,190,1
41.8,84,1
24.3,150,0
23.9,62,0
27,184,1
28.5,118,1
38.2,162,1
29.6,63,0
31.4,182,1
30.6,210,1
26.7,77,0
29.4,51,0
35.1,463,1
29.5,80,0
30.7,393,1
26.4,71,0
22.9,48,0
29.2,67,0
23.6,143,0
32.9,173,1
26.1,40,0
27.9,44,0
24,74,0
28.3,135,0
18.4,77,0
28.6,155,1
22.7,75,0
21.9,139,0
37.9,204,1
22.6,117,0
20.7,208,0
38,91,1
20.1,75,0
23.3,62,0
26.8,129,0
23,151,0
30.4,102,1
32.3,136,1
21.5,54,0
27.2,123,0
25.9,89,0
32.4,107,1
22,168,0
29.5,192,1
25.4,194,0
32,403,1
31.5,162,1
23.3,31,0
35.6,81,1
33.1,299,1
17.5,82,0
19.3,36,0
33.3,74,1
29.3,65,0
36.1,152,1
31.7,180,1
29,115,0
19,72,0
47.8,217,1
21.1,62,0
48.9,124,1
28.7,63,0
34.4,189,1
28.4,67,0
17.8,271,0
27.4,281,1
24.2,122,0
31.3,168,1
35.5,190,1
30.8,62,1
30,72,0
18.3,87,0
35.9,130,1
27,46,0
34.1,134,1
31.9,149,1
30.4,149,0
29.1,86,0
27.7,238,1
29.6,58,0
23,67,0
31.4,90,0
32.6,82,0
33.2,81,1
26.4,76,0
27.1,84,0
28.2,110,1
19.3,105,0
26.3,185,1
23.9,49,0
32.5,77,1
32.6,62,0
23.2,102,0
24.4,174,1
24.5,106,0
31.9,94,1
26.6,51,0
35.5,198,1
19.4,97,0
27.9,320,1
20.2,24,0
24.1,279,0
28.3,139,0
31.5,130,1
23,120,0
23.8,92,0
25.2,198,0
33.7,177,1
40.4,209,1
27.1,227,1
36.1,147,1
23,78,0
30.6,24,0
37.1,72,1
25.1,162,0
24.5,132,0
33.7,21,1
37,220,1
26,157,1
24.8,154,0
26.6,100,0
32.8,142,1
18.6,60,0
24.8,54,0
31,185,1
26.3,71,0
28.4,80,0
35.8,111,1
25.4,73,0
24.8,77,0
36.6,105,1
34.9,102,1
27.3,35,0
33.6,62,1
28.9,112,1
35,101,1
27.8,158,1
29.4,68,0
34.8,192,1
30.1,81,1
22.4,111,0
29,74,1
22.4,54,0
23.3,105,0
19.1,113,0
26.8,317,1
23.6,72,0
32.2,110,1
23.2,163,0
32.5,103,1
18.2,55,0
35.3,90,1
24,54,0
40.2,158,1
28.3,94,0
23.7,62,0
21.6,86,0
40.3,141,1
23,67,0
26.9,40,0
26.7,857,0
24.2,115,0
30,151,1
27.2,61,0
25,150,0
30.9,390,1
24.8,192,0
30.6,19,0
17.9,70,0
18.8,70,0
38.7,64,1
26.9,135,0
23.9,464,1
18.7,64,0
23.7,118,0
21.6,19,0
22.7,116,0
21.3,46,0
17.3,71,0
27.7,86,0
24.1,70,0
28.2,240,1
29,109,0
19.5,73,0
21.8,99,0
26.2,104,0
37.5,78,1
42.9,165,1
26.6,134,0
31.5,130,1
30.4,105,0
23,65,0
27.6,262,1
32.3,300,1
18.7,78,0
22,126,0
30.5,195,1
25.5,53,0
26.1,165,0
32.2,356,1
26.2,228,0
37.6,44,1
22,87,0
28.4,192,1
35.8,190,1
29.6,193,1
31.8,176,1
29.5,63,0
23.4,29,0
52.9,238,1
32.5,181,1
22.8,267,0
21.9,76,0
37.5,140,1
31.5,220,1
18.1,51,0
25.2,163,0
43.9,100,1
18.7,89,0
31.8,234,1
22.6,20,0
30.7,134,1
28.4,191,1
24.7,97,0
28.7,106,0
39.9,93,1
33.6,116,1
24.1,91,0
25.2,186,0
30,146,1
22.1,138,0
27.6,78,0
30.6,112,0
22.3,81,0
27.9,127,0
35.4,170,1
30.2,68,0
35.9,185,1
26.2,49,0
21.9,73,0
28.4,28,0
25.8,115,0
27.8,102,0
29.6,262,1
36.5,68,1
35.2,164,1
16.6,69,0
26.8,90,0
26.2,69,0
28.8,230,1
33.3,180,1
27.5,75,0
27.8,85,0
33.5,66,1
23.9,434,1
24.6,116,0
29.9,152,1
32.3,58,0
36.4,130,1
41,72,1
25.2,55,0
30.5,336,1
25.8,69,0
23.3,262,0
29.5,72,0
27.1,79,0
44,88,1
24.3,179,0
48,486,1
28.1,101,0
28.1,191,0
30.9,155,1
24.6,31,0
38.2,100,1
20.2,104,0
28.3,97,1
21.6,136,0
30.5,194,1
20.2,69,0
22.4,178,0
22.6,62,0
21.9,380,1
25.2,61,0
33.5,167,1
23.9,70,0
25,75,0
19.6,22,0
26.7,106,1
29.9,211,1
21.9,135,0
34.4,77,1
26.1,102,0
24.5,172,0
28.7,128,1
24.4,167,1
37.9,88,1
28.2,177,1
18.9,31,0
29.7,166,1
20.8,90,0
20.4,84,0
31.3,53,0
23.5,81,0
19.6,54,0
20.2,42,0
29.7,252,1
41.9,142,1
31.6,91,0
27.1,42,0
22.6,137,0
33.9,89,1
40.7,180,1
31.6,253,1
29.4,124,0
28,102,0
32.4,230,1
25.7,97,0
26.4,225,1
29.1,121,1
29.1,102,0
28.9,222,1
23.9,89,0
36.2,60,1
19.4,106,0
32.6,205,1
19.7,65,0
32.1,94,1
24.2,155,0
30.4,70,0
29.8,108,0
19.6,134,0
28.1,167,0
34.7,220,1
30.5,161,1
34.7,134,1
24,54,0
21.1,107,0
24.4,225,0
23.6,170,0
20.5,47,0
39.7,150,1
29.2,323,1
28.5,69,0
33.7,68,1
29.6,96,0
23,130,0
37.6,126,1
26.2,80,0
28.5,76,0
25,157,1
22.7,110,0
30.8,163,1
27.4,128,0
19.6,89,0
30.9,92,1
39.3,144,1
36,144,1
27.5,98,0
25,141,0
24,126,0
24.1,97,0
26,84,0
29,57,0
32.8,118,1
31.6,145,1
26,62,0
28.3,58,0
37.1,317,1
25.2,134,0
23.6,65,0
27.6,217,0
23.3,183,0
29.3,59,0
31.4,75,1
29.4,159,1
24,68,0
24.1,78,0
45.7,79,1
28.1,152,0
26.6,355,1
31.8,123,1
26.9,83,0
29.4,94,0
23.6,46,0
28.3,147,0
25.2,48,0
25.4,150,0
21,138,0
32.5,187,1
35.6,82,1
33.6,166,1
31.3,91,0
20.6,125,0
30.3,285,1
24.1,75,0
26.7,135,0
42.5,324,1
25.9,77,0
18.8,65,0
31.2,121,0
37.8,190,1
21.6,83,0
33.5,127,1
29.3,170,1
25.3,72,0
44.5,192,1
48,93,1
20.7,35,0
23.9,260,1
33.5,96,1
25.5,142,0
27.3,105,1
34,198,1
30.1,178,1
31.3,453,1
28.8,114,0
31.3,113,1
24.8,25,0
23.1,246,0
24.9,79,0
25.3,134,0
23.6,88,0
36.3,34,1
30.7,108,1
24.9,96,0
24.5,109,0
29.1,158,1
38.2,50,1
40.7,153,1
29.6,134,1
29.9,147,1
26.3,166,1
30.7,134,1
31.1,194,1
24.4,130,0
38.4,75,1
28.6,298,1
30.8,283,1
24,154,0
29.7,158,0
29.2,151,1
22.9,172,0
28.1,117,0
21.5,34,0
21.4,100,0
31.6,174,1
29.1,80,0
23.9,64,0
27.3,110,0
22.7,154,0
22,68,0
21.9,156,0
27.5,153,1
28.4,301,1
34.8,189,1
24.3,266,0
26.9,214,1
17.7,12,0
27.1,141,1
26.8,91,0
32.7,109,1
55.1,202,1
28,211,1
27.4,172,1
27.7,84,0
24.4,176,0
18.4,198,0
35.6,86,1
23.2,31,0
31,81,0
22.1,105,0
29.9,128,1
24,123,0
26.1,206,1
23.5,188,0
35.2,116,1
32.9,141,1
40.7,65,1
33.1,143,1
29.3,103,1
31.2,94,0
30.9,82,0
35.2,239,1
20.7,77,0
29.4,102,0
22.7,102,0
28.4,228,1
27.2,63,0
20.9,295,0
23.3,84,0
26.6,79,0
28.9,186,1
22.1,115,0
29.8,98,0
31.3,200,1
18.9,101,0
34,363,1
20.7,25,0
20.3,39,0
41.7,116,1
26.7,230,1
44.5,122,1
41.2,72,1
28.3,93,1
26.4,99,0
24.1,75,0
25,137,0
32.8,221,1
28.3,188,1
24.4,67,0
22.4,69,0
32.2,68,0
33.5,215,1
26.9,139,1
37,212,1
38.5,123,1
29.9,104,0
27.8,102,0
26.6,140,1
36.5,319,1
27.1,149,1
33,93,1
21,86,0
27.5,129,0
26.1,64,0
27.1,100,0
27.5,104,0
36.5,134,1
22.1,118,0
22,200,0
15.2,52,0
43.8,89,1
36.1,242,1
19.7,192,0
40.8,94,1
37.1,600,1
24.9,45,0
20.1,126,0
25,94,0
28.1,115,1
21.1,124,0
31,79,1
39.9,555,1
22.6,125,0
26.9,103,0
30.9,156,1
36.3,125,1
31.1,365,1
33.5,167,1
34,234,1
25.3,70,0
31.4,144,1
21.1,74,0
28.4,50,0
26.4,34,0
29.2,165,1
23.9,70,0
28.7,128,0
26.9,72,0
24.8,109,0
28,38,0
29.1,299,1
35.4,339,1
28,184,0
37.8,178,1
21.7,64,0
23.5,144,0
25.4,81,0
23,226,0
19.2,32,0
35.3,155,1
22.6,406,1
21.6,82,0
32.8,528,1
28.3,150,1
30.3,55,0
34.2,158,1
23.9,67,0
40.7,102,1
20.5,68,0
23.1,142,0
31,67,0
30.8,200,1
22.9,117,0
27.1,209,1
37.9,299,1
20.1,79,0
27.8,168,1
21.6,55,0
25.2,53,0
19.5,70,0
31.8,174,1
28.5,241,1
27,22,0
38.2,156,1
29.7,142,0
30,119,0
32.1,166,1
28.2,129,0
22.7,51,0
31.1,300,1
19.2,112,0
25.1,100,0
37.2,78,1
25.7,127,0
28.1,145,0
26.8,151,1
39.8,125,1
29.4,161,1
29.1,76,0
23.2,125,0
30.6,130,1
27.7,1497,1
26.9,261,0
22.7,111,0
21.9,139,0
24.2,80,0
32.8,132,1
21.9,61,0
22.8,182,0
32.6,86,0
49.1,162,1
34.9,144,1
35.2,362,1
27.2,91,0
27.5,129,0
22.1,73,0
28.3,598,1
27.4,101,0
28.2,140,1
24.4,228,0
29.8,111,1
44.9,130,1
26.9,81,0
21.3,240,0
25.4,133,0
27.4,221,1
32.5,86,1
27.4,136,1
28.8,51,0
23.3,121,0
27.6,61,0
22.5,140,0
22.9,112,0
25.8,337,1
23.8,112,0
40,95,1
30.3,119,1
25.9,42,0
33.6,85,1
28.7,88,0
20.5,149,0
28.4,200,1
29.6,98,1
30.7,108,1
22.1,66,0
25.1,103,0
25.1,439,1
18.9,67,0
44.5,257,1
26.6,128,1
33.2,205,1
20.9,59,0
15.8,109,0
37.8,147,1
25,55,0
19.2,80,0
25.5,94,0
28.1,232,1
48.6,293,1
24.7,105,0
29.6,172,1
26.3,121,0
31.1,111,1
29.8,106,1
21.9,94,0
24.3,67,0
30.6,149,1
30.7,111,1
20.9,106,0
26.2,266,0
41,190,1
17,85,0
33.8,134,1
32.2,90,1
23.3,89,0
28,71,0
36.7,54,0
24.9,181,0
21,167,0
20.7,53,0
30.5,72,1
38.7,340,1
20.1,74,0
25.8,374,1
29.6,248,1
37.8,162,1
25.8,198,0
22.9,68,0
20.3,193,0
27.7,107,0
34.5,106,1
39.5,517,1
34.4,129,1
31.3,132,1
35.9,105,1
27.6,114,0
28.6,182,1
27.5,146,0
37.7,208,1
21.3,51,0
38.3,210,1
21.3,74,0
30.1,96,0
36,68,1
20.1,85,0
33,49,1
20.9,109,0
23.3,103,0
31.8,167,1
31.5,56,0
30.4,147,1
25.1,55,0
23,62,0
18,149,0
22.7,122,0
25.1,41,0
30.6,110,1
31.5,64,1
29.1,76,0
23.9,61,0
28.6,151,1
33,550,1
27.4,110,0
47.5,91,1
27.2,52,1
30.1,147,1
29,123,1
39.3,75,1
30.8,99,1
22,147,0
23.9,38,0
23.8,57,0
33.6,196,1
28.4,38,0
25.6,83,0
20.5,64,0
32.9,200,1
27.6,86,0
21,79,0
15.7,69,0
26.8,127,0
29,285,1
32.1,107,1
20.4,70,0
27,337,1
24.3,114,0
27.5,93,0
27.6,155,1
32.7,92,1
32.4,124,1
25.2,207,0
23.9,172,0
25.5,62,0
24.1,73,0
26.3,87,0
37.5,111,1
24.5,111,0
25,104,0
33.2,133,1
24.1,75,0
21.3,118,0
24.8,175,0
21.8,76,0
24.1,86,0
20.6,78,0
33.2,134,1
22.5,85,0
24.8,114,0
36.2,93,1
31.1,309,1
31.6,128,0
31.9,57,1
24.1,99,0
25.4,70,0
23.6,83,0
35,221,1
31.1,358,1
34.7,228,1
42.4,63,1
26.2,160,0
32.7,134,1
20.7,34,0
25.1,65,0
27,187,1
21.7,71,0
29.1,78,1
33.5,116,1
26.4,114,1
33.9,34,0
24.1,185,0
36.5,45,1
45.4,150,1
30.1,148,1
19.2,51,0
28.8,138,0
36.3,93,1
24.2,75,0
27.2,849,1
42.4,95,1
32.9,165,1
23.7,112,0
49.8,95,1
30.8,128,0
18.2,114,0
23.8,450,1
16.8,61,0
28.7,221,1
24.9,62,0
40.8,73,1
31.7,56,0
26.9,112,0
27.4,323,1
33.1,168,1
38.9,141,1
28.7,192,1
22.7,128,0
26.5,150,1
25.6,87,0
24.7,134,0
28.3,132,1
27.3,95,0
26.3,84,0
31.2,139,1
28.8,14,0
25,110,0
19.3,63,0
38.5,256,1
22.8,105,0
47.3,193,1
39.9,115,1
33.5,105,1
31.9,148,1
18.5,75,0
37.9,132,1
28.3,170,1
25.6,135,0
27.5,149,1
28.2,114,0
23,59,0
31.5,61,0
17.9,63,0
27.4,173,1
27.7,192,1
27.4,54,0
24.8,123,0
26.7,129,0
24.9,92,0
31.1,220,1
26.9,90,0
22.1,36,0
24.7,138,0
20.5,83,0
34.8,31,1
22.9,43,0
36.1,270,1
25.3,116,0
29.3,98,1
21.4,93,0
23.5,118,0
15.5,32,0
24.4,115,0
26.3,75,0
28.1,106,1
22.3,76,0
32,121,1
31.9,71,1
34,182,1
27.7,75,0
24.5,33,0
26.3,107,0
32.2,134,1
23.9,128,0
29.2,47,0
25.8,75,0
26.4,111,0
31.7,141,1
30.2,161,1
26,266,1
25.5,121,0
25.4,80,0
36.6,74,1
32.9,122,1
29.6,98,0
29,243,1
29.6,272,1
20.8,96,0
24.2,102,0
22.6,50,0
21.9,45,0
30.8,127,1
23.4,43,0
30.3,45,0
21.2,78,0
24,53,0
40.2,190,1
27.5,69,0
28.8,155,1
25.6,115,0
32.3,125,1
26.6,217,1
35.3,36,0
25.9,190,0
25.3,81,0
47.7,77,1
31.7,117,1
40.1,103,1
26.8,119,0
28.2,97,1
33.9,58,1
29.9,322,1
31.7,245,1
20.9,64,0
26.4,108,1
32.7,171,1
24,150,0
28.6,86,0
27.1,134,1
28.4,158,0
34.4,76,1
27.2,125,0
28,176,1
22.6,69,0
30.8,57,0
27.3,62,0
28.6,118,0
27.4,80,0
20.3,55,0
21.9,42,0
23,66,0
20.9,114,0
24.7,131,0
27.7,130,0
29.4,131,1
27.6,101,0
33.9,36,0
27.3,54,0
29.8,404,1
33.5,131,1
28.2,168,1
26.7,82,0
21.9,198,0
20,77,0
21.1,63,0
41.9,147,1
29.2,167,1
31.5,70,1
31.4,76,1
26,120,0
29.7,84,0
33.7,137,1
32.1,183,1
24.5,137,0
32.2,183,1
24.5,500,0
29.6,71,1
23.3,32,0
28.1,75,0
38,228,1
26.5,273,0
25.8,49,0
26.9,161,0
28,127,0
31.7,193,1
40.1,64,1
23.3,304,1
27.7,82,0
25.1,227,1
39.8,198,1
23.4,80,0
27.5,147,0
18.3,93,0
26.6,52,0
20.6,70,0
30.7,395,1
22.8,94,0
34.6,141,1
27.3,93,0
26,428,1
24.9,120,0
19.2,107,0
29.2,190,1
28.8,81,0
27.6,119,0
27.7,123,1
21.5,69,0
36.7,120,1
21.6,103,0
20,57,0
29,95,1
30.9,174,1
23.6,209,1
27,79,0
30.2,71,0
29.4,132,0
24.2,174,0
23.5,54,0
21.7,51,0
21.9,113,0
25.8,83,0
27.5,135,0
35.5,155,1
31.6,240,1
27.2,201,1
24.4,64,0
36.3,227,1
33.6,76,1
19.8,56,0
36.6,234,1
27.8,43,0
28.4,119,0
31.3,366,1
30.9,88,1
33.6,104,1
30.6,148,1
24.1,104,0
41.1,142,1
23.8,37,0
25.9,205,1
41.7,205,1
27.2,134,1
25.4,123,0
32.7,89,1
26.3,133,0
31.2,151,1
37.2,152,1
43.1,317,1
21.7,160,0
22.6,62,0
21.1,212,0
30.7,231,1
32.6,125,1
33.5,25,0
20.2,63,0
32.8,68,1
29.3,28,0
27.3,254,1
24,160,0
26.1,86,0
25.8,104,0
28.5,92,0
29.6,123,0
27.7,38,0
22.4,140,0
26.4,112,0
22.9,157,0
32.2,99,1
41.1,123,1
28.8,144,0
27.4,95,0
27.2,116,0
32.5,812,1
27.2,249,1
23.3,57,0
28,188,0
25.4,81,0
41,115,1
29.2,96,1
22.6,104,0
27.9,80,0
29.7,121,0
31.9,181,1
40.2,45,1
46.7,95,1
26,56,0
22.8,153,0
34.9,106,1
29.6,102,0
23.4,66,0
21.5,58,0
30,45,0
23.3,62,0
38.8,164,1
24.7,118,0
28.8,205,1
27.2,44,0
23.5,152,1
38.5,310,1
27.6,370,1
22.6,115,0
30.6,46,0
36.4,327,1
37.4,149,1
21.5,130,0
33.6,271,1
21,170,0
27.3,657,1
24.6,62,0
30.7,39,0
24.9,115,0
21.6,82,0
28.6,63,0
27.3,172,0
28.7,65,0
21.3,31,0
19.3,54,0
29.9,132,1
29.3,192,0
26,65,0
31.3,114,1
32.2,548,1
28.4,324,1
26.6,105,0
29.3,98,0
31.8,126,1
21.2,51,0
35.9,114,1
24.8,27,0
24.8,107,0
27.1,97,0
25.1,94,0
28.6,256,1
32.2,237,1
35.8,113,1
30.4,214,1
26.4,233,1
28.4,156,1
28,268,1
27,70,0
23.7,120,0
31,416,1
27.8,150,0
38.5,146,1
29.1,124,0
23.3,89,0
34.5,65,1
30.7,199,1
28.1,245,0
27.4,133,0
36.9,144,1
25.1,88,0
23.2,131,0
22.2,145,0
24.6,72,0
26.4,158,1
42.5,166,1
51.1,111,1
27.2,59,0
26.9,220,1
27.2,64,0
27.2,58,0
27.2,294,1
19.5,135,0
21.9,26,0
19.5,114,0
17.8,81,0
31.4,160,1
18.2,33,0
23.2,107,0
21.7,177,0
32.6,162,1
22.6,65,0
29.5,134,1
26.4,187,0
42.1,199,1
42.6,184,1
27.6,121,0
33.5,207,1
23.5,81,0
25.4,66,0
25.6,69,0
27,94,0
19.2,80,0
19.6,287,0
23.7,76,0
27.8,234,1
29.7,225,1
43.3,102,1
29.6,168,1
18,34,0
27.2,116,0
24.7,272,1
25.5,220,1
23.3,63,0
24.5,112,0
29.8,151,1
23.4,203,0
24.4,193,0
23.3,91,0
34.5,313,1
21,46,0
29.3,63,1
24.2,125,0
30,103,1
32.8,139,1
32.8,119,1
40,132,1
26.8,93,1
37.7,52,1
27.3,65,0
24.5,109,0
26.1,44,0
60.5,32,1
24.4,158,0
26,75,0
22.6,139,0
33.5,84,1
25.1,59,0
27.3,70,0
27.4,84,0
29.6,103,0
28,164,0
33.2,99,1
22.8,94,0
24.7,56,0
24.8,59,0
26.8,94,0
26.2,96,0
36.7,82,1
31.7,141,1
33.4,44,0
30.6,86,0
28,126,1
26.7,52,0
32.9,73,1
33.7,159,1
27.8,124,0
33,190,1
26,178,1
21.2,27,0
33.1,125,1
25.6,71,0
27.6,250,1
37.7,144,1
32.9,151,1
23.3,91,0
35.8,102,1
20.4,142,0
27.4,59,0
24.8,149,0
26,332,1
28.9,85,0
19.2,49,0
31.7,205,1
29.1,98,0
34.8,172,1
34.4,154,1
20.6,76,0
36.9,165,1
28.8,198,0
22.5,61,0
32.9,129,1
27.3,130,0
21.5,68,0
30.1,247,1
23.5,38,0
22,37,0
27.3,138,0
25.9,91,0
40,174,1
32.2,75,0
23.7,175,0
39.9,35,1
26.2,198,0
30.2,164,1
23.3,87,0
24,96,0
28.6,113,0
31.3,42,0
31.5,158,1
32.3,248,1
24.3,67,0
19.3,23,0
32,106,1
29.4,94,1
35,207,1
32,61,0
29,94,1
26.1,125,0
20.8,101,0
24.5,68,0
20,107,0
31.4,77,1
25,170,0
25.4,84,0
25,68,0
30.6,122,1
41.1,184,1
27.6,117,1
24.6,59,0
19.4,32,0
20.7,99,0
28,81,0
23.2,106,0
26.4,64,0
26.8,142,0
28.2,57,0
30.9,114,1
34.2,311,1
27.6,59,0
22.8,61,0
27.5,80,0
39.2,98,1
21.8,63,0
24.9,87,0
28.3,64,0
39.2,46,1
20,117,0
27.5,129,0
31.1,173,1
19.6,69,0
25.7,94,0
42.9,302,1
30.1,2549,1
26.1,159,0
29.9,169,1
25.2,48,0
32.4,71,1
22.2,103,0
22.1,86,0
53.3,167,1
33.7,172,1
24,71,0
30.7,142,1
19.2,142,0
32.4,81,0
19.1,88,0
39.5,109,1
22.7,91,0
35.2,86,1
28.5,150,0
35.3,113,1
26.4,62,0
34.5,128,1
23.2,47,0
17.9,394,0
26.1,98,0
37.9,142,1
28.8,229,1
19,174,0
19.2,118,0
17.6,104,0
36.6,112,1
20.7,119,0
34.4,151,1
19.4,182,0
26.1,74,0
37.4,94,1
16.7,79,0
36.5,67,1
27.3,76,0
33.6,199,1
23.8,261,0
23.7,168,0
24.9,108,0
24,44,0
25.6,147,0
28.1,46,0
36.5,230,1
33.6,64,1
33.1,180,1
25.6,113,0
31.9,131,1
28.2,155,1
39.4,179,1
28.9,176,1
22,59,0
24.5,116,0
31.3,156,1
27.9,124,0
20.1,64,0
43.4,197,1
28.4,74,0
35.1,100,1
49,66,1
25.1,139,0
24.5,106,0
30.1,175,1
36.3,59,1
27.3,115,0
27.9,198,1
23.2,94,0
33.4,1648,1
32.4,53,1
20.6,90,0
48.1,106,1
37.2,205,1
26.4,108,0
31.8,162,1
34.2,142,1
27.8,128,1
34,96,1
23.8,26,0
28,58,0
17.1,91,0
29.9,959,1
25.4,107,0
27.8,64,0
25.4,158,0
23.9,97,0
31.4,68,0
29,126,1
23.5,181,0
19.9,76,0
31.6,123,1
34.6,211,1
18.6,53,0
29.4,212,1
27.1,94,0
28.4,105,1
39,281,1
27.7,106,1
29.2,102,0
34.4,356,1
31.7,303,1
26.2,208,1
47.8,177,1
23.8,67,0
23.4,65,0
38.5,401,1
26.8,115,0
23.8,121,0
31.8,156,1
31.2,168,1
22.5,107,0
34.3,81,1
18.6,75,0
33,179,1
30.2,149,1
31.9,85,1
35.7,69,1
29.2,973,1
33.1,97,1
36.2,180,1
33.5,94,1
25.1,96,0
27.7,300,1
32.5,93,1
20.1,164,0
28.8,325,1
25.6,131,0
23.7,101,0
31.6,185,1
31.1,57,0
25.8,59,0
23.9,102,0
37.7,128,1
39.2,120,1
30.8,99,0
26.9,85,0
43.4,116,1
23.3,110,0
28.5,65,0
23.1,134,0
30.2,296,1
26.6,207,0
30.1,89,1
26.9,96,0
25.7,352,1
21.6,81,0
25.5,105,0
28.7,301,1
40.1,190,1
32.1,36,0
28.9,210,1
22.3,103,0
28.2,113,0
28.5,79,0
21.9,182,0
20.7,108,0
20.7,105,0
27.8,89,0
22.6,72,0
27.6,159,0
23.4,73,0
23.8,198,1
40.7,141,1
45.3,129,1
20.7,192,0
25.3,147,0
26.7,65,0
29.8,102,0
24.4,209,1
37.6,61,1
31.7,64,1
31.3,279,1
21,77,0
29.2,191,1
38.4,284,1
23.7,54,0
23,53,0
35.4,228,1
27.1,622,1
21.1,83,0
29.3,139,1
26.5,83,0
35.4,176,1
29.2,720,1
30.2,150,1
25.9,81,0
33.5,350,1
26.6,127,1
26.2,92,0
29,33,0
33,102,1
29,72,0
19.4,30,0
25.2,77,0
19.2,63,0
26.8,162,1
31.6,154,0
29.4,155,0
26.9,42,0
22.2,236,0
21.4,83,0
42.5,41,1
39.3,34,1
29,118,1
28.3,134,1
15.7,85,0
29.3,566,1
27.4,288,0
24.8,102,0
29.1,141,0
34.3,86,1
25.7,103,0
34.2,253,1
23.6,56,0
29.9,45,0
32.4,111,1
40.5,98,1
25.7,62,0
38.8,43,1
24.3,98,0
26.3,194,0
29.7,65,0
20.6,55,0
25.9,30,0
28.1,87,0
26.5,108,0
25.8,109,0
22.5,206,0
32,171,1
25,110,0
27.2,130,1
32.8,89,1
50.5,220,1
22.6,105,0
23,80,0
33.4,218,1
30.4,103,1
36.9,332,1
31.3,172,1
32.6,56,1
28.2,138,0
46.2,56,1
33.1,76,1
19.6,46,0
24.9,142,0
44.5,139,1
30.7,83,1
35.6,124,1
24.3,44,0
27.1,77,0
22.2,75,0
34.1,75,1
29.7,214,1
36.4,81,1
30.8,115,1
25.2,111,0
25.1,142,0
34.7,78,1
31.9,100,1
21.5,34,0
21.8,93,0
32.4,581,1
21.3,64,0
21.6,89,0
37.7,228,1
31.3,369,1
29.8,153,1
28,58,0
28.1,298,1
34.2,73,0
24.7,112,0
26.5,245,0
22.9,97,0
27.4,127,1
30.3,150,1
25.3,108,0
24.7,184,0
21.1,104,0
24.9,94,0
33,221,1
28.6,186,1
32.5,67,1
36.7,189,1
21.4,82,0
20.7,54,0
33.6,102,1
38.6,70,1
26.8,88,0
42.4,127,1
31,76,0
30,103,0
28.3,223,1
32.3,56,1
29.1,235,1
23.7,163,0
32.1,128,1
25.1,61,0
24.8,51,0
27.9,233,0
28.1,111,0
19,131,0
19.4,142,0
31.7,171,1
20.3,58,0
19.7,109,0
26.8,56,0
36.3,71,1
35.8,149,1
26.6,85,0
25.6,73,0
29.4,138,0
27.6,175,1
35.8,101,1
29.1,159,1
21.2,57,0
41.6,311,1
24,85,0
29.1,138,0
37.3,75,1
40,189,1
43.6,141,1
37.9,195,1
24.5,171,0
25.5,383,1
25.3,59,0
28.5,120,1
28.5,31,0
28.2,112,0
27,79,0
34.5,44,1
27.5,358,1
31.4,54,0
23.3,339,0
22.8,61,0
29.3,88,0
34.2,201,1
20.4,54,0
23.7,206,0
23.9,70,0
21.2,122,0
36.9,107,1
24.9,63,0
22.8,320,0
26.5,221,1
24.9,60,0
29.1,58,0
20,51,0
28.4,224,0
34.6,95,1
29.3,125,0
31.9,157,1
28.1,161,1
33.2,233,1
22.1,90,0
30.7,172,1
27.5,98,0
40.5,257,1
38.5,75,1
34.2,88,1
33.1,125,1
31.8,114,1
34,158,1
24.2,77,0
48.4,134,1
20.8,123,0
22.7,69,0
26.4,72,0
35.8,125,1
26.1,111,0
30.5,176,1
29.1,175,0
34.7,254,1
28.3,71,0
29.4,132,0
22.5,56,0
25.2,58,0
23.4,117,0
30.7,59,0
37.4,157,1
38.1,133,1
30.2,148,1
31.9,280,1
27.8,143,1
20.3,70,0
27.5,111,0
28.8,143,1
46.1,66,1
14.6,101,0
36.8,82,1
23.6,67,0
27.6,59,0
29.1,52,0
20.3,54,0
31,119,0
31.3,176,1
30.5,98,1
22.8,154,0
31.2,259,1
30.3,194,1
26.8,62,0
26.2,53,0
30.9,208,1
34.4,99,1
24.6,160,0
24.7,94,0
32.7,152,1
30.4,67,0
40.8,95,1
31.7,298,1
21.4,115,0
24.3,133,0
21.3,133,0
40.8,87,1
25.3,75,0
32.3,101,1
35.4,125,1
29.7,97,1
21.9,52,0
25.1,72,0
32.4,64,1
26.7,54,0
30.3,146,1
32.9,79,1
30.1,255,1
27.4,96,0
20,105,0
28.6,240,1
32.6,161,1
33.4,353,1
26.2,89,0
21.7,47,0
31.8,61,1
23.5,76,0
35.5,97,1
42.4,712,1
33,66,0
24.6,155,0
26,148,0
28.8,503,1
25.8,221,0
27.7,185,1
26.7,289,1
35.5,110,1
22,106,0
34.2,112,1
29.1,147,1
29,70,0
45.3,183,1
22,97,0
26.3,148,0
34.7,173,1
28.4,49,0
20,54,0
20.4,67,0
28.1,61,0
23.6,146,0
24.8,86,0
30.9,75,0
22.8,103,0
24.1,79,0
24,77,0
25.6,140,0
19.1,57,0
25.3,98,0
25.1,106,0
20.9,68,0
23.2,62,0
24.9,73,0
36.4,175,1
22.1,70,0
42.4,41,1
24,57,0
20.7,39,0
25.8,165,1
19.9,87,0
35.4,115,1
24.9,98,0
21.4,57,0
25.8,136,0
27.4,75,0
23.5,130,1
22.4,51,0
36.8,78,1
28.8,156,1
41,119,1
26.7,200,0
33.9,484,1
40.8,107,1
30.6,188,1
22.8,62,0
26.3,88,0
42,282,1
32.5,74,1
31,329,1
29.6,149,0
23.2,45,0
34.8,95,1
26.9,106,0
24.8,168,0
35.1,154,1
30.8,197,1
24.3,55,0
26.5,152,0
34.1,215,1
33.3,60,1
32,85,1
29.3,258,1
24,111,0
25.9,159,0
20.4,71,0
30.1,35,0
33.6,64,1
28.1,1322,1
21,85,0
25.9,102,0
33.8,164,1
25.7,71,0
26.7,48,1
25.5,114,0
29.6,163,1
28.7,102,0
33.2,133,1
22.6,65,0
24.6,93,0
36,144,1
19.4,51,0
24.5,81,0
20.5,198,0
31,120,1
39.5,83,1
25,267,0
28.8,682,1
28.4,87,0
19.7,60,0
27.7,63,0
23.5,133,0
45.9,94,1
31.3,228,1
27.2,79,0
33.9,169,1
38.2,404,1
36.5,58,1
29.5,82,0
31.6,130,1
30.2,70,1
35.5,283,1
19.2,59,0
24.1,116,0
32.6,39,1
32.8,374,1
29.1,105,1
26,144,0
33,220,1
20.7,67,0
33.8,314,1
26.6,87,0
29.7,152,1
29.9,62,1
31.8,171,1
28.1,257,1
24.9,86,0
23.3,45,0
23.9,124,0
22.7,64,0
30.9,75,0
29.2,169,1
28.5,55,0
35.5,146,1
28.3,78,1
33.7,77,1
35.7,76,1
37.8,186,1
45.8,116,1
32.4,129,1
30,117,1
23.6,83,0
31.4,154,1
51.5,167,1
53.5,117,1
32.1,26,0
19,61,0
33.1,163,1
24,78,0
31.9,66,0
34.2,28,1
26.8,178,0
28.9,161,1
20.7,85,0
32.9,134,0
25.4,496,1
22,104,0
21.5,84,0
29.5,50,0
26.2,123,0
35,169,1
31.9,159,1
30.4,102,1
31.4,117,1
33.3,41,1
29.2,67,0
30.5,60,0
26,72,0
26,100,0
19.6,45,0
21.2,32,0
31.4,201,1
23,144,0
27.9,261,1
25.1,84,0
30,80,0
23.4,62,0
30.4,132,1
19.5,97,0
30.2,141,0
26.8,87,0
24,115,0
28.6,198,0
24.9,52,0
52.6,171,1
22.4,85,0
32.2,173,1
34.2,67,1
25.7,252,0
38,184,1
31.8,113,1
37.2,121,1
36.6,93,1
38.8,57,1
18.8,73,0
27,146,1
25.4,69,0
33,173,1
25.1,73,0
25,238,0
22.2,119,0
22.4,122,0
28.6,156,1
36.7,71,1
40,609,1
37.5,143,1
39.9,340,1
18.9,56,0
25.5,133,1
37.3,148,1
21.6,42,0
28.1,59,0
28.8,109,0
45,89,1
33.5,185,1
43.5,185,1
23.9,141,0
35.7,142,1
32.1,94,1
37.1,93,1
26.5,102,0
16.6,60,0
20.7,36,0
26,86,0
27.2,75,0
32.6,120,1
28.4,109,1
19.9,44,0
24.2,96,0
22.7,55,0
38.4,75,1
23.3,120,0
22.6,99,0
18.7,55,0
27.6,73,0
26.3,100,0
21.8,84,0
23.4,84,0
24,63,0
29.9,51,0
25,57,0
18.9,42,0
29.5,103,1
38.1,357,1
26.3,123,0
25.5,103,0
36.9,98,1
24.1,62,0
28.2,261,1
27.2,118,1
41.4,109,1
28.9,165,1
52.9,114,1
32.6,100,1
22,52,0
25.8,46,0
24.2,98,0
36.8,143,1
28.8,297,1
25.6,40,0
29.9,154,0
36.9,343,1
37.4,195,1
24.9,130,0
22.6,64,0
25.6,41,0
40.3,66,1
28.1,194,1
48.2,102,1
39.3,260,1
21.7,55,0
40.8,133,1
37.6,199,1
29.3,208,1
20.3,53,0
40.1,81,1
21.3,65,0
25.9,66,0
25.2,158,0
37.4,305,1
23.5,119,0
41.8,197,1
24.9,160,0
26.5,92,0
23.4,68,0
31.9,90,1
29.7,149,1
37,158,1
28.9,72,0
19.8,85,0
26.4,99,0
35.3,86,1
32.2,84,1
29.1,179,1
25.1,92,0
25.3,163,0
24.4,86,0
44.9,106,1
23.3,86,0
28.5,91,0
31.4,122,1
19.7,163,0
29,57,0
23.8,97,0
25,163,1
21.9,54,0
30.4,70,0
21.8,120,0
27.1,72,0
26.2,71,0
33.5,158,1
25.4,143,0
33.3,119,1
24.4,102,0
29.8,55,0
20.9,69,0
22.7,80,0
35,138,1
25.4,91,0
29.1,162,0
23.2,126,1
21.7,30,0
22.9,138,0
26.4,250,0
22.2,102,0
28.7,100,1
25.3,130,0
22.6,86,0
45.6,189,1
19.1,114,0
20.2,138,0
30.1,31,0
29.7,85,0
27.6,154,0
34.3,79,1
28.3,221,1
31.6,98,1
26.5,110,0
20.7,111,0
28.3,155,0
26.9,54,0
30.9,93,1
19.9,65,0
30.7,54,0
23.3,252,0
29.1,57,0
30.9,119,0
38.5,79,1
25.3,97,0
22.4,75,0
30.3,87,0
48.8,112,1
21.8,65,0
23.6,80,0
25,46,0
42.1,87,1
29.9,186,0
26,100,0
29.3,59,1
20.9,90,0
24,52,0
27.2,102,0
20.1,52,0
26.2,144,1
25,81,0
29.6,143,1
27,76,0
22.6,76,0
25.9,105,0
27.9,115,0
30.8,165,1
27.3,186,1
26.6,50,0
17.7,80,0
23.7,39,0
30.1,53,0
37.2,114,1
22.4,62,0
26.7,152,1
29.7,194,1
23.2,53,0
28.9,68,1
22.4,79,0
31.5,458,1
46.3,104,1
24.6,63,0
27,41,0
58,105,1
38.2,131,1
25.4,59,0
33.4,138,1
40.7,157,1
20.2,119,0
28.3,197,1
39.7,152,1
36.8,111,1
31.2,57,0
32.2,115,1
29.9,92,1
36.2,181,1
36.2,110,1
21.6,91,0
29.5,63,0
39.2,94,1
31.5,35,1
22.8,136,0
28.6,232,1
30.6,93,1
29.7,217,1
28.1,90,1
24.8,192,0
28,85,1
28.2,86,0
33,166,1
29.7,126,0
30.3,37,0
22,55,0
22.8,61,0
31.6,349,1
24.3,150,0
23.2,130,0
19,77,0
31.6,107,1
18.4,74,0
35,64,1
27.8,80,0
21.4,33,0
30,316,1
19,37,0
21.4,64,0
30,379,1
26.3,82,0
44,148,1
23.1,70,0
30.8,121,1
33.7,68,0
28.2,173,1
31.8,146,1
29.5,151,1
40,104,1
28.4,140,0
51.7,114,1
21.3,63,0
22.5,442,1
34.3,63,1
20,131,0
31,69,0
29.7,80,0
32.3,99,1
25.1,34,0
33.8,54,1
36,188,1
29.4,121,0
43.5,119,1
28.5,45,0
32.2,141,1
29.6,128,1
25.1,67,0
32.6,117,1
26.2,109,0
24.2,110,0
24.4,44,0
23.6,43,0
37,179,1
30.8,63,0
24.3,112,0
27,309,1
39.1,217,1
21.9,56,0
30.6,124,1
31.6,276,1
28.9,152,0
31.3,152,1
49,81,1
24.2,74,0
35.6,89,1
33.5,297,1
25.2,24,0
27.4,63,0
22,64,0
24.5,416,1
27,75,0
36.6,81,1
26.5,165,1
19,62,0
54.3,187,1
29,86,0
21.5,42,0
17.9,130,0
34.8,43,0
26.9,93,0
20,71,0
24.2,67,0
33.4,61,1
24.8,85,0
34.2,136,1
30.8,77,1
26.6,69,0
31.6,165,1
32.5,271,1
36.5,97,1
32.3,140,1
20.4,52,0
32.8,89,1
30.4,176,1
28.2,108,0
21.6,58,0
43.7,76,1
19.6,118,0
27.1,147,0
28.4,110,1
27.3,77,0
25.1,136,0
21.6,59,0
34.9,267,1
29.4,84,0
38.1,56,1
25,61,0
36,302,1
30.4,74,0
26.7,188,1
26.6,314,1
22.8,123,0
25.5,59,0
28.8,134,0
28.9,123,0
29.5,104,1
38.9,156,1
17.5,108,0
38.7,129,1
18.4,62,0
32.1,155,1
27.6,89,0
21.2,76,0
19.6,42,0
30.2,80,0
28.8,824,1
42.8,152,1
41.5,185,1
32.6,167,1
23.5,87,0
27.7,113,0
23.9,76,0
27.8,55,0
32.4,252,1
26.3,88,0
31.4,173,1
26.1,171,0
36.9,219,1
25.8,115,0
26.8,64,0
46.6,178,1
24.4,139,0
17.4,92,0
27.6,102,0
32.2,40,0
41.1,440,1
32,165,1
27.8,62,0
35.1,215,1
27.3,122,0
24,82,0
32.5,77,1
56.2,160,1
22.3,100,0
36.2,84,1
41.6,192,1
25.1,115,0
24.8,82,0
37.4,123,1
25.9,153,0
21.3,152,0
26.7,143,0
20.7,91,0
31.3,140,1
22.9,153,0
34.8,163,1
40,158,1
29,144,1
31.8,200,1
24,83,0
34.3,92,1
25.9,82,0
29.6,122,1
31.4,189,1
33.6,59,1
21,127,0
24.6,57,0
25.4,112,0
26.8,137,0
28.1,193,0
22.4,142,0
18.1,87,0
33.7,264,1
32.4,171,1
22.7,59,0
30.5,186,1
31.2,159,1
19.2,221,0
26,266,1
20.4,50,0
29.1,200,1
21.8,59,0
19.6,83,0
31.4,264,1
18.5,86,0
28.4,135,1
27.7,155,1
26.8,134,1
25,44,0
40.4,116,1
28.4,143,1
29.6,243,1
28.7,91,0
31.7,1097,1
20.6,67,0
23.6,213,0
48.3,110,1
19.7,42,0
26.8,120,0
25.6,158,0
29.4,211,1
30.6,127,0
26.6,61,0
29.9,169,1
20.7,50,0
32.3,96,1
32.2,213,1
25.8,1651,1
30.9,269,1
46.6,99,1
27.8,66,0
27.3,108,0
28.5,216,1
30.1,68,0
29.7,134,1
24.9,39,0
33.2,110,1
32.7,87,1
37.5,273,1
25.6,61,0
23.5,60,0
36.9,84,1
30.2,84,0
31.8,211,1
22.5,116,0
23.8,35,0
20.8,57,0
35,97,1
25.1,63,0
24.5,227,0
37.8,250,1
24.1,102,0
31.6,153,1
41.5,123,1
23.4,100,0
32.6,236,1
27,66,0
32.1,116,1
26.9,199,0
27,208,1
38.5,58,1
27.9,184,0
33.6,51,0
28,215,1
22,69,0
33,149,1
22.8,370,0
40.6,98,1
44.7,213,1
28.1,178,1
22.6,60,0
20.6,85,0
26.9,143,0
24,194,0
27,103,0
44.2,92,1
34.1,39,0
24.7,45,0
29.7,135,1
26.9,41,0
23.8,95,0
28.2,1632,1
29,103,0
26.9,289,1
22.1,61,0
22.6,52,0
30.9,255,1
28.2,114,0
25.1,104,0
23.1,53,0
20.3,100,0
23.6,117,0
27.4,123,0
48.2,272,1
29.7,89,0
26.7,89,0
31,90,0
24.6,151,0
25.4,52,0
27.8,241,1
25.7,197,0
30.8,61,0
29.9,208,1
24.9,67,0
20.3,136,0
22.2,122,0
35.4,85,1
26.8,48,0
23.8,141,0
24,55,0
21.9,140,0
26.5,63,0
22.5,102,0
22.1,113,0
29.3,103,1
35.9,134,1
27,134,0
35.1,158,1
27.8,78,0
35,60,1
22.8,211,0
29.5,121,0
22.1,78,0
38.5,63,1
25.2,95,0
36.1,140,1
28,155,1
24.2,159,0
35,114,1
21.9,91,0
26.2,83,0
25.8,119,0
22.8,207,0
42.8,96,1
33.1,113,1
32.2,114,1
22.7,293,1
28.4,190,1
32.3,213,1
34.4,306,1
29.1,69,0
36.4,191,1
24.3,79,0
32.4,162,1
33.9,229,1
20.2,71,0
28.4,95,0
33.5,113,1
34.5,109,1
33.8,182,1
44.4,79,1
23,112,0
30.6,49,0
26.7,55,0
28.3,715,1
27,163,0
39.2,167,1
36.3,227,1
32.7,180,1
44.1,88,1
35.6,82,1
25.1,110,0
26.9,484,1
19.9,65,0
31.1,75,1
27.2,184,0
37.1,69,1
28.3,105,1
26.8,122,0
20.7,145,0
22.6,36,0
24.8,71,0
35.8,122,1
35.8,79,1
36.3,113,1
18.8,56,0
28.4,79,0
27.4,104,0
29,72,0
24.6,58,0
31.1,83,0
17.7,55,0
35.2,214,1
38.3,77,1
31.2,86,1
41,58,1
25.1,154,0
36,41,1
21.2,72,0
29.5,114,1
34.8,211,1
30.3,73,0
25,71,0
46,136,1
20.9,39,0
27.9,100,0
25.1,146,1
26.7,86,0
25.3,69,0
23.9,65,0
31.1,109,1
32.7,94,1
21,71,0
24.2,96,0
30.9,110,1
33,120,1
28,96,0
26.7,78,0
28.4,173,0
26.9,100,0
33.9,68,1
28.9,249,1
31.8,154,1
21.7,59,0
32.9,236,1
21.5,92,0
29.8,87,0
33,139,1
28.6,45,0
26.4,114,0
19,152,0
28,112,0
34.2,72,1
27,219,0
40.1,242,1
29.8,92,1
35.9,72,1
26,108,0
19.8,157,0
27.9,247,1
29.5,91,1
24.3,90,0
22.6,103,0
20,84,0
27,64,0
26.6,99,0
35.6,140,1
32.4,147,1
19.5,56,0
26.8,120,0
29.2,147,0
35,198,1
28.5,42,0
35.4,106,1
26.7,79,0
31.4,365,1
28.8,85,0
29.7,166,0
20.1,86,0
22.8,81,0
38.7,93,1
27.6,143,0
36,190,1
20.1,82,0
24.1,56,0
29.2,59,0
28,85,0
20.7,50,0
35,197,1
35.2,93,1
22.2,92,0
27.9,164,1
31.8,144,1
27.1,156,0
30.3,198,1
26.3,226,0
30.2,246,1
50.6,67,1
26.8,67,0
26.3,76,0
31.1,358,1
31.8,36,0
29,116,0
30.9,102,1
19.8,112,0
32.6,158,1
25.1,140,0
27.2,416,0
26.7,91,0
28,71,0
23.8,169,0
27,372,1
21.4,74,0
23.5,43,0
38.6,262,1
41.6,82,1
30.4,150,1
29.2,90,0
21.1,125,0
28.7,65,0
22.1,77,0
26.6,107,0
37.6,60,1
30.3,262,1
27.8,183,1
31.9,144,1
23.7,131,0
31.1,121,1
45.6,84,1
21.2,58,0
25.8,116,1
25.7,350,0
32.9,150,1
26.6,120,0
20.7,220,0
32.9,92,1
26.9,157,0
29.6,80,0
29.6,114,1
26.2,84,0
27.9,160,0
21.3,43,0
28.5,44,0
26.7,239,1
28.2,234,1
47.6,73,1
21.4,110,0
32.1,197,1
25.6,115,0
17.7,94,0
28.3,58,0
22,128,0
21,85,0
36.6,150,1
18.2,72,0
30.2,142,1
59.5,96,1
22.5,241,0
26.6,170,0
28.7,48,0
22.4,81,0
26.4,92,0
22.8,57,0
34.4,51,0
22,47,0
49.5,186,1
19.3,79,0
35.3,202,1
42,145,1
24.9,111,0
21.5,766,1
24.8,151,0
19.7,63,0
46,68,1
27.4,205,1
29.9,108,1
23.2,124,0
40.5,68,1
30.8,91,1
33.6,158,1
29.9,204,0
26.7,135,1
20.4,151,0
32.1,118,1
38.1,106,1
49.5,87,1
37.3,274,1
24.5,194,0
27.7,121,1
25.8,107,0
30.6,64,0
35.3,103,1
40.5,88,1
28,111,0
28,89,0
27.7,160,0
43.5,92,1
22.4,59,0
32.3,144,1
40.5,78,1
30.4,67,0
31.3,85,0
34.2,81,1
28.2,251,1
28.3,78,0
33.9,270,1
22.3,96,0
33.7,261,1
20.6,77,0
33.8,78,1
23.3,40,0
31.1,90,0
23.5,104,0
28.7,83,0
31.8,213,1
26.6,45,0
23.1,62,0
24.4,100,0
23.6,108,0
25.6,58,0
21.6,121,0
29,104,0
32.5,131,1
25.9,83,0
29.6,99,1
28.6,62,0
27.9,149,0
31.1,77,1
24.6,97,0
28,153,0
27.3,189,0
36.6,212,1
22.8,39,0
28.6,57,0
29,105,0
22.2,196,0
19.7,119,0
17.8,108,0
29.1,116,1
28.4,94,0
28.7,78,1
20.5,63,0
36,350,1
33.1,96,0
22.5,88,0
22.6,77,0
36.1,91,1
27.9,85,0
21.1,79,0
22.9,81,0
22.7,74,0
24.4,91,0
23.8,60,0
26.5,211,1
21.8,81,0
39.3,227,1
29.9,200,1
36,332,1
24,242,1
25.1,375,0
33.8,64,1
20.1,71,0
21.3,55,0
20.7,46,0
31.9,51,0
24.7,309,1
24.2,53,0
39.8,112,1
27.5,55,0
26.7,80,0
26,51,0
28.4,210,1
40.8,78,1
22.4,61,0
38,89,1
29.1,139,1
26.9,77,0
31,143,1
27.4,56,0
30.8,96,0
22.3,70,0
29.8,132,0
29.3,67,0
45.6,132,1
32.7,293,1
28.6,62,0
33.8,101,1
30.1,108,1
34.1,60,0
40.8,330,1
48,129,1
24.5,75,0
21.4,111,0
22.2,115,0
27.2,135,0
29.7,147,1
29.6,74,0
34.5,60,1
34.4,139,1
23.9,77,0
20.9,56,0
35.4,70,1
30.4,108,0
27.3,134,1
27.3,319,1
29.8,105,0
22.9,92,0
28.3,83,0
21.4,81,0
18.1,45,0
34.8,206,1
21.1,106,0
30,143,1
31.9,268,1
28.6,72,1
27.8,61,0
24.4,68,0
40.7,154,1
28.7,309,1
24.9,99,0
19.2,91,0
28.4,72,0
28,61,0
22.5,87,0
33.4,136,1
24.7,69,0
30.2,127,1
27.5,199,1
33.1,212,1
44.2,125,1
40.6,92,1
40.4,240,1
22.5,124,0
25,89,0
19.3,52,0
21.4,60,0
23.7,104,0
26.9,282,1
36.5,145,1
21.6,97,0
40.2,65,1
30.7,207,1
37.1,173,1
26.5,57,0
26.1,118,0
35.9,239,1
29.2,82,1
30.8,125,1
34.3,137,1
32.4,123,1
32.7,183,1
25.9,149,0
37.5,140,1
25.3,130,0
34.1,146,1
31.1,62,1
25.4,71,0
30,88,1
32.6,84,1
45.6,107,1
33.4,123,1
28.3,375,1
27.8,38,0
33.8,104,1
33.8,106,1
40.4,249,1
33.3,55,0
34.9,215,1
20.4,41,0
28.8,108,1
27.9,90,0
33.4,152,1
30.2,62,0
29.5,137,1
32,95,1
27.4,81,0
34.5,108,1
23.5,245,0
29.6,157,1
32.6,57,0
27.6,84,0
26.2,104,0
17.7,78,0
25.1,113,0
22.6,43,0
23.9,140,0
34.2,110,1
30.4,123,0
36.5,145,1
37.3,148,1
24.1,40,0
26.3,113,0
43,152,1
26.7,62,0
23.9,97,0
18.8,73,0
31.9,101,1
25.6,181,0
35,88,1
26.8,190,0
29.9,229,1
29.1,122,1
24.6,90,0
40.1,147,1
18.8,36,0
31.3,191,1
25.4,35,0
19.7,99,0
27.2,159,1
25.5,126,0
40.5,190,1
26.1,127,0
29.3,81,1
25.4,198,0
26.4,136,0
20.9,46,0
23.1,195,0
34.9,97,1
27.7,199,0
20.9,65,0
23,87,0
31.7,119,1
22.3,95,0
33.7,225,1
25.1,145,0
31,260,1
30.2,118,0
32.5,177,1
23.6,65,0
22.6,191,0
21.5,37,0
24.6,262,0
23.5,180,0
34.9,267,1
30.4,298,1
21.9,55,0
29.6,109,0
29.8,108,1
25,144,0
30.3,44,0
31.1,72,0
19.6,199,0
20,92,0
26.7,43,0
30.8,178,1
26.3,127,0
38.2,119,1
43.5,98,1
33.5,109,1
28,120,0
34,118,1
33.3,142,1
22.9,165,0
35.1,153,1
21.8,57,0
24.3,81,0
33.4,106,1
27.4,93,0
46.3,159,1
28.9,51,0
42.8,114,1
25.8,161,0
24.8,179,0
19.5,59,0
28.4,65,0
37.1,326,1
27.8,68,0
38.2,156,1
38.9,171,1
16.9,62,0
28.4,80,0
22.4,167,0
20.9,61,0
33.5,52,0
33.2,82,1
36.6,58,1
26.1,171,0
36.8,221,1
19.6,92,0
25.4,244,0
27.1,66,0
34.3,36,0
23.4,61,0
54.5,77,1
27.3,145,0
28.5,122,0
21,50,0
19.7,100,0
30.1,109,1
37.8,79,1
34.7,94,1
25,155,0
24.6,116,0
25.4,96,0
23.4,87,0
34,78,1
35.6,96,1
26.1,189,0
25.4,100,0
37.4,135,1
19.5,152,0
37.5,89,1
42.1,119,1
40.9,167,1
24.4,103,0
24.6,43,0
22.3,146,0
26.3,89,0
36.2,126,1
27.5,353,1
27.4,58,0
41.2,138,1
28.7,46,0
28,112,0
29.5,88,0
26.1,61,0
53.9,208,1
26.8,102,0
27.8,84,0
26.9,202,0
26.9,57,0
23.1,73,0
19.6,64,0
28.1,48,0
31.8,89,1
41.7,200,1
26.4,170,1
33,132,1
28.6,115,0
25.7,110,0
33.1,195,1
30.4,149,1
32.1,181,1
28.1,124,0
28.2,113,0
28.6,109,0
24.4,49,0
33.7,96,1
32.2,102,1
31.1,36,0
25.2,75,0
30.8,134,1
33.1,249,1
22.4,60,0
24.2,248,0
24,39,0
32.2,51,0
28.5,164,0
30.2,94,1
32.6,275,1
24.3,362,1
26.3,104,0
18.5,79,0
30.6,178,1
41.2,88,1
31.6,122,1
29,75,0
22,44,0
21.5,108,0
26,189,0
33.1,64,1
32,163,1
31.9,139,1
21.3,90,0
23.4,87,0
22.8,65,0
31.8,70,1
32.4,70,1
30.2,50,0
40.7,127,1
41.6,327,1
30.4,87,0
21.2,63,0
28.5,121,0
26.1,65,0
30.4,122,1
31,56,0
26.4,80,0
26.4,59,0
22.9,45,0
29.2,202,1
17.4,113,0
34.9,72,1
27.7,123,0
46.4,133,1
28.7,72,0
23.4,87,0
19.6,51,0
23.7,69,0
20.4,81,0
38.4,284,1
30.5,87,0
44.5,100,1
40.5,144,1
46.3,256,1
27.3,816,1
28.5,79,0
25.9,103,0
35.8,117,1
22.8,127,0
29.2,124,0
31.1,91,0
22.8,149,0
28.4,64,0
26.3,51,0
33.2,176,1
31.1,114,0
31.7,122,1
28.1,208,1
25.8,71,0
28.7,177,1
34.5,86,1
19.8,90,0
34.6,156,1
35,79,1
29.7,163,1
38.5,173,1
31.6,163,1
30,248,1
23.5,103,0
32,166,1
23.2,37,0
23.9,91,0
23.9,154,0
34.2,77,1
24.5,38,0
23.4,57,0
24.9,42,0
30,90,0
22.2,79,0
33.4,165,1
30.7,110,0
26.7,91,0
37.8,100,1
31.6,482,1
30.1,59,0
23.6,142,0
42.7,126,1
33.5,107,1
41.4,237,1
34.8,171,1
22.8,94,0
29.6,76,0
30.8,119,0
25.6,260,1
29.4,115,1
32.8,144,1
20.9,78,0
23.8,65,0
26.8,121,0
25.8,141,0
25.2,71,0
17.2,54,0
35,126,1
28.5,89,0
23.1,90,0
21.1,169,0
26,87,0
31.7,55,1
29.9,305,1
22.7,107,0
29.8,112,1
25.7,70,0
30.4,79,0
23.2,68,0
24.1,58,0
22.8,54,0
29.6,83,0
31.8,94,0
19,43,0
23.9,86,0
21.9,44,0
29.9,84,0
22.8,87,0
32.6,95,1
28.4,358,1
28.7,81,0
27.4,135,1
29.1,246,1
21.5,79,0
24.8,99,0
21,131,0
41.5,153,1
31.2,334,1
23,110,0
28.8,173,1
24.2,92,0
30.2,144,1
23,65,0
26.9,117,0
17.6,42,0
20.9,133,0
27.9,114,0
36.4,206,1
32.5,65,0
36.4,328,1
26,132,0
22.9,120,0
26.6,78,0
25.1,56,0
45.5,292,1
35.9,159,1
27.5,188,1
26.4,64,0
26.8,77,0
22.2,108,1
44.4,192,1
20,157,0
26.7,133,0
25.5,56,0
34.5,61,1
24.1,132,0
26.1,97,0
20.7,69,0
37.6,89,1
33.8,69,1
22.5,62,0
25.9,67,0
42.5,98,1
33.7,81,0
31.2,116,1
24.2,37,0
20.2,82,0
32.9,261,1
31.3,323,1
21.1,53,0
27.9,70,0
31.5,68,0
23.5,146,0
19.4,117,0
38.6,74,1
32.4,447,1
25.2,104,0
38.1,112,1
43,85,1
42.4,158,1
45.1,147,1
22.5,78,0
37.8,244,1
28.7,491,1
34.5,155,1
17.6,123,0
32.8,73,0
25.4,485,1
31.2,145,1
34.3,362,1
34.3,256,1
21.6,74,0
36.8,207,1
25.1,101,0
25.6,77,0
29.5,243,1
21.4,136,0
29.6,65,0
30.1,80,0
34,234,1
32.8,125,1
21.4,216,0
35.7,209,1
30.3,143,1
25.8,109,0
35.5,165,1
34.7,155,1
39.9,50,1
26.9,73,0
22.8,109,0
35.2,83,1
28.5,145,0
16,59,0
34,91,1
31.4,147,1
27.7,132,1
30.6,140,1
20.3,63,0
24.5,88,0
23.4,221,0
31.3,491,1
46.1,66,1
26.1,106,0
27.5,257,1
27.8,140,0
27.3,124,0
37.7,111,1
33.6,98,1
36.5,108,1
25.3,81,0
27.8,177,1
22.8,80,0
29.7,134,1
21.4,81,0
25.2,56,0
26.3,100,0
23.9,82,0
29.2,62,0
33.9,118,1
18.9,72,0
25.7,201,0
23.7,44,0
18.6,79,0
24,48,0
29.5,95,0
33.7,114,0
30.9,65,1
24,40,0
29.8,97,0
23.7,76,0
26.5,84,0
26.7,127,0
29,150,1
21,53,0
21.1,42,0
32.6,146,1
33.6,94,1
23.2,39,0
28.9,70,0
31.2,62,0
30.5,142,1
38.7,191,1
19.9,68,0
27,97,0
39.6,135,1
24,236,0
27.5,113,0
36.4,134,1
24.8,59,0
48.7,126,1
23.1,71,0
29.5,52,0
29,79,1
26.1,89,0
25.5,67,0
24.6,86,0
26.4,162,1
23.2,94,0
35.5,103,1
28.5,139,0
30.2,434,1
25.6,325,1
25.4,121,0
34.3,118,1
25.9,138,1
24.6,163,0
27.3,195,0
29.1,167,0
22.8,205,0
23.1,152,0
35.9,128,1
24.9,136,0
25.3,227,1
28.4,188,1
26.9,82,1
30.1,82,0
34.8,150,1
25.1,93,0
28.8,71,0
25.5,160,0
27.4,79,0
23.3,52,0
32.8,66,1
30.3,154,1
31.7,149,1
23.3,55,0
29.2,122,0
24.6,123,0
22.2,95,0
29.6,126,0
32.9,228,1
28.3,248,1
23.5,48,0
23.8,153,0
23.6,38,0
34.3,74,0
20.6,57,0
25.6,93,0
30.2,111,1
25.5,65,0
26.5,51,0
37.8,72,1
24,92,0
29,40,0
41,211,1
24.6,113,0
20.4,56,0
30.6,80,0
23.5,174,0
24.3,66,0
24.3,28,0
32.3,89,1
27.2,190,1
33.9,109,1
28.2,189,1
24.3,62,0
24.1,70,0
33.4,122,1
25.8,220,1
26.4,170,0
41.5,47,1
56.1,125,1
23.2,217,0
34.7,202,1
17.9,65,0
26.8,80,0
24.5,96,0
19.6,130,0
33.4,402,1
30.8,113,0
38,131,1
23,81,0
29.5,233,1
35.1,265,1
24.3,151,0
28.6,104,0
19.9,40,0
20.9,73,0
24.4,67,0
33,75,1
27.3,122,0
16.4,103,0
20.3,62,0
39.1,230,1
22.1,73,0
27.3,580,1
20.8,102,0
27.1,192,0
31.9,110,0
23.3,147,0
24.6,61,0
27.9,66,0
38.6,572,1
21,112,0
29.9,184,1
37.8,149,1
25,83,0
35.7,320,1
31.2,211,1
30.5,61,0
27,103,0
27.4,83,0
29.8,146,1
25.4,56,0
22.6,71,0
25.4,63,0
26.3,104,0
42.7,99,1
26.4,188,0
29.5,83,0
22.3,101,0
18.8,69,0
21.7,123,0
25,86,0
24.2,119,0
26,143,0
56.6,117,1
29.8,142,1
23.2,120,0
23.6,197,0
20.9,81,0
42.9,83,1
27.9,133,0
27.4,113,1
29.9,144,1
28.1,102,0
40.9,59,1
22.1,94,0
28.1,107,0
24.9,183,0
26.7,127,0
24.2,75,0
22.9,218,1
26.5,88,0
38.4,59,1
20.1,77,0
29.7,169,0
31.7,146,1
23.9,44,0
19.6,90,0
24,60,0
24.2,71,0
26.6,78,0
21.9,110,0
37.6,99,1
29.8,170,1
25.8,45,0
21.3,187,0
24.3,81,0
35.8,89,1
29.9,211,1
28.4,106,0
29,78,0
19.2,92,0
22.2,116,0
28,63,0
27.8,237,1
26.6,219,0
26.4,94,0
25.2,73,0
44.8,116,1
29.1,193,1
22.8,184,0
38.3,96,1
18.3,91,0
16.5,86,0
32,91,1
28,122,0
35.1,150,1
32.9,93,1
34.2,111,1
29.8,141,1
32,59,1
32.1,133,1
39.1,110,1
26.6,151,0
26.8,84,0
25.6,195,0
20.9,122,0
27.3,101,0
31.6,226,1
28.8,113,0
37.3,163,1
28.6,162,0
21.1,84,0
23.9,28,0
39,79,1
26.3,60,0
46,109,1
25.8,82,1
25.2,96,0
21.5,209,0
25.5,77,0
26.2,126,0
27.5,84,0
22.3,53,0
18.2,180,0
26.8,218,1
38.4,78,1
35.1,237,1
35.2,106,1
28.2,68,0
26.8,87,0
27.2,122,0
25.3,50,0
43.2,115,1
24.7,46,0
32.1,132,1
23.8,142,0
25.7,76,0
51.3,365,1
30.8,116,1
24.2,132,0
24.2,122,0
30.4,112,1
27.2,246,1
29.2,72,0
34.2,235,1
23.6,125,0
39.1,214,1
28,106,1
29.7,317,1
26.9,272,1
20,91,0
29.4,329,1
23.5,108,0
22.4,98,0
24.5,234,0
30,107,1
25.9,121,0
35.5,213,1
24.6,76,0
39.5,89,1
23.8,185,0
32.7,163,1
27.1,109,0
28.1,117,0
34.4,126,1
31.6,356,1
24,106,0
26.6,217,0
25.1,154,0
23.4,90,0
27.2,117,0
41.8,208,1
40.3,176,1
30.6,88,1
24.1,69,0
28.9,67,0
29,91,0
20.4,162,0
34.8,73,1
35.3,123,1
21.5,83,0
30.9,110,1
67.8,291,1
26.4,115,0
30.6,169,0
28.6,174,1
32.1,169,1
54.3,71,1
35.5,124,1
27.6,67,0
25.9,210,0
31.3,150,1
28.9,193,0
24,73,0
23.3,66,0
28.9,79,0
23.1,84,0
20.8,71,0
21.7,52,0
23,59,0
33.4,162,1
26.6,159,0
31.8,93,0
40.8,411,1
34.1,156,1
28.6,90,0
31.8,60,1
24.9,50,0
27.8,117,1
25.8,58,0
25.8,48,0
24.1,94,0
21,85,0
24.9,82,0
30.6,92,0
45,444,1
27.2,453,1
30.4,95,1
34.6,94,1
28.6,96,0
29.7,93,0
28.4,76,0
24.4,112,0
32.4,376,1
26.1,211,0
20.5,63,0
25.4,60,0
31.8,112,1
36.5,185,1
31.1,92,0
27.1,81,0
22.8,72,0
25.5,201,0
28,175,1
22.2,74,0
23.2,122,0
19.6,53,0
27.3,61,0
26.6,59,0
26.8,120,0
20,113,0
28.6,158,0
27.3,73,0
21.7,42,0
22.3,62,0
23.9,89,0
30.3,117,0
23.8,85,0
23.1,135,0
25.1,122,0
31.6,94,1
51.9,90,1
28.7,113,0
24,183,1
35.5,139,1
33,82,0
21.9,44,0
28.4,193,1
23.1,138,0
37.5,96,1
32.4,144,1
30.7,86,1
19.5,56,0
27.4,238,0
21.6,166,0
29.1,140,1
46.5,116,1
39.7,200,1
25.2,244,0
23.2,207,0
31.3,103,0
22.1,99,0
28.9,130,0
19.2,72,0
26.2,85,0
24.8,81,0
27.2,138,0
28.5,134,0
24.5,114,0
27.3,318,1
28,97,0
20.8,151,0
25.3,195,0
28.6,123,0
39.4,105,1
25,148,0
36,69,1
27.6,256,1
24.6,144,0
28.3,91,0
34.1,134,1
36.5,84,1
24.7,109,0
21.8,41,0
16,183,0
24.5,90,0
26.7,110,0
31,185,1
31,77,1
30.9,178,1
22,93,0
40.2,103,1
27.1,93,0
24.9,90,0
28,161,1
44.3,82,1
36,83,1
26.8,100,0
31.2,162,1
30.6,246,1
25.1,71,0
33.9,151,1
22,80,0
39.4,202,1
26,109,0
19.8,153,0
21.3,38,0
21.4,63,0
28.4,117,0
24.4,44,0
29.2,91,0
31.9,161,1
38.4,124,1
22.3,93,0
25.8,105,0
23.4,75,0
38.8,140,1
26.6,100,0
24.5,177,0
22.3,57,0
57.9,71,1
24.6,81,0
31.3,142,1
18.2,78,0
33.7,783,1
20.6,115,0
19.9,69,0
31.1,75,1
30,207,1
26.3,160,0
21.2,146,0
30.8,129,0
25.2,53,0
35.5,89,1
23.1,92,0
18.3,66,0
35.4,62,0
18.6,210,0
32.5,144,1
33.6,312,1
20.6,80,0
24.9,77,0
22.5,125,0
25.2,62,0
25.1,54,0
23.3,64,0
31.8,119,1
50.9,80,1
36,305,1
29.2,88,1
27.8,174,1
37.2,60,1
23,168,1
27,210,0
33.1,72,1
20.1,45,0
22,183,0
22.6,80,0
35.4,239,1
35.2,81,1
29.5,310,1
17.3,91,0
24.8,291,0
27.2,116,0
25.1,52,0
29.5,57,0
27.6,81,0
27,74,0
38.8,426,1
38.1,194,1
20,93,0
26.9,198,0
21.3,62,0
27.5,213,1
38.9,118,1
36.8,102,1
24.1,73,0
22.2,79,0
20,63,0
37.3,135,1
22.1,142,1
25.5,83,0
33.9,225,1
27.5,106,0
36,117,1
24.5,159,0
26,67,0
28.7,137,1
40.1,84,1
35.8,79,1
21.9,38,0
21.5,53,0
27,205,1
23.7,54,0
22.6,73,0
24.8,130,0
25.3,98,1
27.8,149,1
26.8,116,1
23.6,95,0
26.4,62,1
22.9,78,0
41,164,1
27.2,104,0
26.6,84,1
27.9,134,0
20.2,204,0
44.4,139,1
39.6,177,1
33.3,67,0
26.8,146,1
34.6,147,1
25.9,81,0
26,122,0
28.1,112,0
21.2,56,0
18.4,137,0
32.9,111,1
32.1,315,1
30.3,221,1
24.6,89,0
29.6,86,0
21.9,561,0
25.9,132,0
17.1,123,0
21.8,39,0
40.3,123,1
26.6,68,0
28,89,0
34.4,134,1
25.8,76,0
27.5,112,0
29.4,197,1
30.4,111,1
27.6,184,1
22.7,94,0
28,106,0
25.9,129,0
27.3,123,0
30.8,140,1
46.4,258,1
20.8,77,0
25.2,174,0
34.6,167,1
36.6,126,1
26.6,50,0
16.8,55,0
18.4,107,0
21.9,97,0
30.8,182,1
23.1,48,0
38.3,130,1
27.2,198,1
25.6,41,0
51.5,210,1
23.2,329,0
27.4,63,0
22.4,103,0
20.2,79,0
17.7,62,0
20.9,41,0
47,82,1
27.9,303,1
32,136,1
33.9,143,1
23.6,72,0
37,157,1
26.5,113,0
26.5,93,1
22.3,54,0
27.6,133,0
26.1,104,0
35.9,213,1
20.4,63,0
25.6,234,1
20.6,77,0
24.5,139,0
29.6,39,0
45.6,78,1
25.9,82,0
27.7,87,0
23.1,92,0
39,169,1
38.7,198,1
26.4,80,0
22.8,86,0
18.8,85,0
27.5,288,0
29.7,173,1
26.2,74,0
42.3,251,1
33.4,158,1
18.2,76,0
46.3,82,1
32.2,490,1
31.4,73,0
55.6,131,1
20.2,103,0
26.4,169,1
38.5,162,1
23.5,200,0
35.1,169,1
31,100,1
32.4,113,1
30.2,82,1
27.9,94,1
24.6,52,0
39.3,206,1
32.8,255,1
26.2,87,0
25.9,109,0
34.3,90,1
21.9,59,0
30.2,99,0
42.3,240,1
25.7,116,0
36.1,123,1
27.4,170,1
23.6,41,0
30.6,187,1
48.1,72,1
23.9,128,0
28.7,126,1
30.6,81,0
33.2,131,1
22.8,55,0
29,100,1
29.3,127,0
50.5,57,1
41,165,1
23.4,122,0
33,117,1
19.1,82,0
30,118,1
29,60,0
22.9,94,0
22.9,119,0
26.5,135,0
26.8,309,1
32.3,186,1
20.6,124,0
28.8,194,1
21,47,0
22,103,0
26.9,106,0
38.2,134,1
27.3,105,0
23.2,40,0
30.9,163,1
18,71,0
18,53,0
30.8,115,1
27.9,59,0
84.9,70,1
25.2,57,0
43.4,148,1
26,38,0
26.8,120,0
30.7,111,1
27.1,85,0
28.8,611,1
32.1,199,1
25.3,70,0
24.2,90,0
23,54,0
28.1,84,0
23.4,129,0
25,85,0
36.6,218,1
26.3,153,0
31.4,115,1
23.4,92,0
33.8,61,1
31.2,54,0
35.4,131,1
47.5,86,1
28.1,235,1
19.5,84,0
23.8,107,0
25.5,77,0
20.7,65,0
31.7,71,1
32.5,263,1
26.6,77,0
33.4,106,1
22.1,92,0
37.7,79,1
22.6,96,0
25.3,449,1
35.9,136,1
48.5,133,1
32.6,130,1
35.5,153,1
27.2,102,0
23.6,56,0
22.1,50,0
30,197,1
35.2,71,1
26,145,0
38.2,170,1
40.7,175,1
25.8,131,0
25.3,73,0
28.3,184,1
28.4,209,1
30.5,101,1
29.7,71,1
26.5,351,1
23.8,88,0
29.4,152,1
37.8,1377,1
34.5,108,1
31.5,129,1
28.7,41,0
36.1,132,1
20.4,48,0
42.1,86,1
34.3,98,1
27,129,1
31.6,105,1
40.6,101,1
33.5,86,1
25.3,121,0
30,109,0
34.6,235,1
22.5,73,0
30.4,161,1
21,43,0
30.2,141,1
38.1,127,1
33,372,1
27.5,1147,1
22.3,127,0
24.5,61,0
33.8,92,1
43.4,69,1
23.9,87,0
22.2,78,0
27,180,0
34,425,1
34.1,151,1
26.8,74,0
26.7,60,0
28.9,107,0
30.2,117,1
36.2,80,1
32.6,98,1
21.5,84,0
42,69,1
31.2,162,1
39.1,266,1
30.2,184,1
19.6,139,0
25.6,121,0
50.5,122,1
25.9,126,0
25.8,115,0
23.9,121,0
24,163,0
24.7,137,0
24.8,107,0
27.8,164,1
26.7,190,1
30.5,132,1
23.2,92,0
34.7,137,1
25.1,46,0
28.7,112,0
23.2,126,0
27.7,111,0
31.6,99,0
21.8,101,0
30.9,63,0
21.5,87,0
25.1,87,0
30.3,125,1
26.5,94,0
27.1,134,1
34.5,45,0
21.1,61,0
39.1,221,1
29.9,148,1
29.3,66,0
19.9,93,0
30.9,154,1
33.6,67,1
33.8,65,1
26.1,70,0
25.1,270,0
27.9,106,0
26.5,175,1
23.2,123,0
29.4,62,0
25.2,181,0
23.2,106,0
25.9,119,0
34.4,131,1
28,86,0
24.1,47,0
26.1,86,0
27.4,82,1
39.7,336,1
22.7,56,0
37.4,146,1
30.5,63,0
19.8,87,0
27.4,89,0
27.8,45,0
29.6,69,0
29.7,108,1
45.9,115,1
39.3,268,1
19,58,0
21.1,62,0
27.3,73,0
34.3,50,0
40.2,73,1
25.1,91,0
20.3,62,0
21.8,75,0
35.2,103,1
34,60,1
29.4,112,0
20.8,85,0
40.9,114,1
39,93,1
21.1,81,0
25.5,79,0
22.6,71,0
30.3,96,1
30.9,84,0
15,50,0
27.6,124,0
33.3,162,1
19,66,0
35,95,1
33.5,263,1
26.8,123,1
25.7,52,0
35,174,1
37.7,235,1
24.4,162,0
27.2,174,0
48.5,227,1
18,91,0
30.7,172,1
31,188,1
46.8,95,1
33.9,717,1
29.9,83,0
47.1,149,1
28.3,116,0
36.9,54,1
28.8,103,1
33.6,140,1
32.2,100,1
33,219,1
33.2,99,1
22,60,0
24.7,126,0
47,144,1
27.1,108,0
19.1,111,0
35.8,79,1
20.6,46,0
28.3,284,1
29.7,82,0
22.3,146,0
28.9,78,0
25.5,53,0
29.7,86,1
20.8,72,0
24.2,65,0
30.8,93,0
21.5,194,0
31,189,1
37.5,57,1
28.3,65,0
35.9,153,1
31,105,1
27,315,1
30,106,1
22.7,36,0
22.1,86,0
41,159,1
27.8,141,1
26.6,237,0
30.1,109,0
27.4,61,0
26.7,285,0
20.1,72,0
24.1,99,0
24.6,205,0
29.1,166,1
25.9,34,0
30.9,84,1
36.1,70,1
20.4,138,0
45.4,75,1
38.7,60,1
27.9,97,0
21.7,50,0
25.7,97,0
28.8,2742,1
25.5,165,0
35.3,70,1
28.4,64,0
23.3,84,0
23.2,56,0
20.1,78,0
33.3,141,1
20.1,126,0
28.5,100,1
22.1,40,0
22.4,91,0
28.2,86,0
28,98,0
24.7,182,1
28.9,129,1
22.2,62,0
26,565,1
23.8,44,0
26.7,79,0
30.6,107,1
45.4,162,1
27.2,121,0
28.4,105,0
22.7,127,0
43.4,192,1
33.2,122,1
23.2,135,0
23.3,68,0
26.6,326,1
25.9,98,0
31.1,138,1
31.4,223,1
28.3,118,0
23.7,75,0
41,194,1
20.1,63,0
29.9,54,0
32.7,286,1
24.6,177,0
34,93,1
21.5,89,0
27.6,146,1
26.4,125,0
32.6,178,1
29.2,126,1
32.9,88,1
31.9,117,1
27.4,39,0
38,121,1
27.8,68,0
25.6,128,0
25.8,192,1
21.7,75,0
27.4,190,1
18.3,82,0
24.7,108,0
33.2,76,0
30.5,344,1
38.4,155,1
38.4,122,1
18.7,67,0
27.1,86,0
40.6,148,1
30.7,174,1
23.3,163,0
26.3,109,0
40,169,1
35.1,78,0
23.5,212,0
26.5,65,0
24.5,98,0
30.4,109,1
37.9,95,1
18.9,53,0
33.6,125,1
26.4,65,0
28.2,122,0
27.8,134,0
25.6,96,0
28,62,0
56.3,167,1
25.8,61,0
25.8,90,0
28.1,154,1
28.5,169,1
27.7,40,0
26.5,122,0
27.8,174,1
26.8,184,0
28.6,218,1
25.6,71,0
36.5,111,1
38.9,134,1
29.8,149,1
19.1,63,0
31.6,128,1
31.2,95,1
24,78,0
28.7,112,0
25.8,62,0
24.8,207,0
45.6,55,1
31.9,58,1
21.5,153,0
48.2,57,1
22.4,129,0
26.4,60,0
31.7,120,1
27.8,80,0
29.6,72,0
22,125,0
23.8,83,0
34.3,130,1
24.8,71,0
34.5,151,1
32.5,95,1
37.4,50,1
26.1,89,0
25.8,118,0
30.5,79,0
19.3,36,0
24.9,124,0
48.3,199,1
32.6,218,1
26.1,283,1
34.5,354,1
21.2,289,0
26.3,66,0
27.3,46,0
23.7,77,0
34.9,260,1
22.3,80,0
34,94,1
35.4,42,1
23.6,68,0
40.1,49,1
29.9,115,0
30.5,132,1
21.9,112,0
23.3,34,0
26.8,141,1
27.6,75,0
30.8,130,0
38.8,129,1
22.4,69,0
22.8,68,0
23.6,270,0
33.9,81,1
28.6,43,0
20.3,157,0
36.1,668,1
31.8,81,1
48.6,109,1
32.2,98,0
27.4,49,0
23.2,86,0
25.4,45,0
22.5,49,0
31.8,117,1
42.3,91,1
30.8,89,1
31.4,111,0
21,105,0
37,76,1
24.4,88,0
31.9,48,0
22.5,63,0
22.3,60,0
35.8,75,1
26.5,336,1
68.7,61,1
24,138,0
38,83,1
34.9,65,1
20.9,62,0
18.4,61,0
29.9,351,1
24.6,367,1
31.5,384,1
33.5,214,1
25,93,0
28.5,81,0
34.9,275,1
24.5,50,0
31.3,181,1
31.7,202,1
20.6,128,0
22.7,56,0
30.8,121,1
33.5,127,1
28.1,135,1
31.2,75,0
23.5,52,0
37.6,140,1
20.3,46,0
28.1,107,0
34.8,123,1
18.3,67,0
33.6,158,1
27.1,86,0
24.5,119,0
29.4,71,0
36.4,85,1
25.2,36,0
30.2,262,1
34.1,205,1
18.5,107,0
30.1,104,1
26.7,99,0
24.5,92,0
28.9,89,1
22.4,35,0
25.9,89,0
35.3,111,1
19.1,90,0
27.1,97,0
24.6,93,0
27.3,78,0
24.9,121,0
18.9,62,0
20.8,65,0
18.7,74,0
24.4,57,0
25.3,78,0
22.1,82,0
34.3,192,1
31.3,147,1
28.4,101,1
21.6,194,0
27.9,92,0
36.3,323,1
19.4,79,0
26.2,323,1
23.1,258,1
25.3,169,0
27,191,0
27.7,302,1
29.8,86,0
22.9,80,0
24.7,97,0
34.3,98,1
31.9,74,1
25.1,88,0
19.6,92,0
30,98,0
22,94,0
29,138,0
37.6,163,1
29.2,126,1
24.1,103,0
22.7,54,0
24,169,0
26.2,131,0
34.1,94,1
54.2,108,1
24.2,55,0
27.4,179,1
26.3,129,0
27.8,419,1
27.6,102,1
40.8,198,1
31.9,103,1
30.3,126,1
20.6,90,0
26.3,68,0
37,69,1
29.3,116,1
28.2,152,1
24.6,105,0
29.4,115,0
25.4,89,0
19.2,52,0
26.6,147,1
21.3,92,0
29.2,142,1
30.7,156,1
29.1,174,1
30.6,105,0
26.2,97,0
25.9,126,0
40.5,78,1
30.1,72,0
23.3,71,0
23.2,73,0
19.4,69,0
22.6,151,0
26.7,79,0
22.9,75,0
23.5,118,0
20.9,29,0
19.3,167,0
38.9,163,1
31.1,97,0
20.2,40,0
50.8,265,1
30.4,37,0
29.7,118,1
31.9,175,1
43,139,1
21,137,0
21.5,61,0
31.5,229,1
39.2,173,1
36.7,89,1
30.2,80,0
37.5,248,1
33.5,79,1
33.3,77,1
21.2,41,0
22.7,74,0
30.7,103,1
28.6,62,0
21.2,37,0
33.3,50,0
26.9,76,0
32.3,151,1
33.6,128,1
28.4,63,1
19.6,105,0
33.7,108,1
21.7,65,0
22.8,82,0
24.6,81,0
29.8,70,0
27.3,127,0
37.8,156,1
43.2,179,1
33.5,97,1
31.8,143,1
21.6,119,0
27.1,168,1
25.5,41,0
21,60,0
49.2,94,1
19.1,57,0
28,53,0
33.9,91,1
27.3,118,0
25.8,95,0
25.6,75,0
37.3,91,1
28.6,123,0
24.9,354,0
31.1,175,1
20.1,78,0
38.8,109,1
30.7,188,1
25.4,66,0
33.8,97,1
20,53,0
27.7,347,1
24.3,69,0
18.2,106,0
31.9,98,1
28.9,99,0
26.7,105,0
19.5,69,0
28.8,117,0
23.6,93,0
25.5,75,0
22.5,44,0
20.1,42,0
24.3,78,0
30.6,70,1
35,93,1
28.9,154,1
45.1,81,1
28.3,94,0
29.7,98,1
26.2,173,0
29.3,95,0
27.3,205,1
29.6,172,1
30.1,64,0
32.7,91,1
28.8,80,1
26.3,124,0
26.4,140,0
22.2,138,0
27,26,0
24.9,61,0
31.9,68,1
25.7,287,1
30.9,71,0
19.3,58,0
18.3,79,0
32.1,190,1
36.7,129,1
20.4,77,0
25.7,89,0
28,32,0
27.2,124,0
26,133,0
21.8,120,0
22,65,0
28.3,69,0
23.8,99,0
25,208,1
39.9,182,1
33.5,154,1
30.4,177,1
23.3,60,0
20,53,0
27.2,93,0
34.9,52,1
30.2,158,1
24.3,46,0
34.8,109,1
27,167,0
26.1,64,0
18.7,75,0
30.4,256,1
39.7,184,1
30.8,195,1
33.1,119,1
31.9,92,1
30.1,134,0
18.5,60,0
39.1,130,1
27.3,80,0
33.6,80,1
17.7,30,0
23.6,102,0
40.1,371,1
38.7,45,1
38.7,106,1
33.9,396,1
32.2,119,1
27.4,90,0
36.7,254,1
38.4,103,1
30,76,0
41.9,206,1
33.3,176,1
32.2,151,1
27.8,81,0
19,90,0
18.1,74,0
43.3,150,1
30.1,122,1
29.8,335,1
28.1,83,0
29.8,224,1
35.4,170,1
26.1,336,1
43.2,64,1
42,88,1
22.9,69,0
25.3,54,0
32.7,246,1
24,91,0
26.9,99,1
40,241,1
24.3,64,0
21.6,68,0
31.8,84,1
27.4,84,0
34.2,148,1
47.2,58,1
26.5,74,0
32,123,1
26.8,123,0
27.1,144,0
30.3,142,1
29.1,125,0
26.9,197,0
31.8,197,1
31.5,65,0
22.6,41,0
39.1,241,1
22.1,152,0
29.3,70,0
27.1,86,0
33.9,119,1
30.8,135,1
21.2,87,0
32.8,46,1
31.1,148,1
33.1,78,1
30.6,187,1
31.4,111,1
30.1,121,1
23.9,130,1
22.1,141,0
25.7,67,0
25.5,75,0
34.4,97,1
19.7,64,0
26.1,90,0
59,55,1
24.6,86,0
30.3,233,1
17.1,75,0
31.9,333,1
25.4,77,0
28.5,80,0
25.3,87,0
28.7,624,1
30.2,54,0
31.4,84,1
28.1,49,0
40.1,104,1
24.9,139,0
37,373,1
35.8,112,1
38.6,66,1
38,144,1
23.5,50,0
24.7,114,0
24.9,65,0
25.2,149,0
24.5,115,0
25.7,111,0
26.5,65,0
42,172,1
24.6,55,0
36.6,127,1
35.6,46,1
26.5,100,0
33.5,100,1
27.9,35,0
25.8,166,0
24.9,124,0
19.5,84,0
28.9,122,1
18.8,45,0
17.7,62,0
34.9,46,1
26.4,174,0
18.4,130,0
30.5,78,1
32.4,174,1
20.6,81,0
18.8,37,0
22.7,73,0
23.3,136,0
21.6,90,0
22.5,91,0
25,75,0
24,72,0
17.8,94,0
33,197,1
34.2,120,1
21.7,43,0
29,76,0
25.4,91,0
21.9,58,0
45,162,1
36.5,64,1
23.1,74,0
28.4,158,0
29.3,55,0
26.3,363,1
26.3,158,1
27.7,485,1
23.9,80,0
25.5,54,0
30,67,0
34.3,117,1
25.8,75,0
22.5,97,0
20.9,90,0
35.4,146,1
30.4,58,0
38.7,44,1
32.7,284,1
20.8,69,0
28.3,454,1
22.5,62,0
25.3,83,0
22.5,301,0
19.9,100,0
39.5,176,1
20.2,111,0
27.7,61,0
28.1,136,0
29.7,105,0
29.6,58,0
39.4,190,1
23.1,170,0
24.9,85,0
26.4,59,0
32.6,141,1
24.3,101,0
23.3,240,0
38.3,272,1
40.2,148,1
45.8,109,1
32.9,68,1
19.9,180,0
26.9,193,1
26,78,0
30.6,73,0
35.5,139,1
43.1,348,1
25.8,127,0
20.5,67,0
31.1,76,1
23.6,103,0
34.7,75,1
36.3,67,1
23.5,71,0
26.6,57,0
28,78,0
25,62,0
32.5,192,1
25.8,91,0
26.2,145,0
20.7,52,0
25.3,47,0
32.5,65,0
21.9,74,0
20.6,168,0
31.4,110,1
25,60,0
34.3,74,1
26,89,0
32.4,141,1
38,77,1
30.2,127,1
28,222,1
24.8,227,1
33.7,85,1
23.4,65,0
26,93,0
26.3,95,0
48.4,78,1
30.9,94,1
21.9,45,0
29.1,626,1
48,91,1
26.7,74,0
22.1,104,0
36.4,146,1
26.5,111,0
26.8,72,0
30.5,138,1
37.2,99,1
32,200,1
35.2,107,1
29.4,171,1
47.7,160,1
26.5,116,1
25.3,71,0
23.1,73,0
23.5,75,0
23.7,58,0
32.5,135,1
27.6,83,0
25.1,51,0
18.9,73,0
20.2,29,0
22.8,86,0
28.7,78,0
27,89,0
18.9,136,0
29.1,53,0
32.8,54,0
21.3,48,0
39.3,112,1
27.9,681,1
23.2,318,0
30.5,78,0
41,41,1
35.9,88,1
28.9,174,1
19.1,79,0
18.6,96,0
34.7,43,0
45,77,1
21.8,50,0
42.3,118,1
27.5,163,0
27.4,264,1
23.9,114,0
33.1,107,1
23,79,0
29.1,61,0
29.4,104,0
55.8,59,1
33.7,246,1
23.1,98,0
21.7,169,0
19.4,71,0
25.8,110,0
37.7,84,1
27.6,91,0
23.7,119,0
27.7,187,0
20,148,0
29.7,119,1
29.2,181,1
21,84,0
24.7,200,0
56.6,102,1
23.9,153,0
29.6,246,1
25.8,67,0
27.7,223,1
27.5,119,0
29.4,218,1
31.1,31,0
27.7,52,0
24.2,155,0
24.2,584,1
28.2,45,0
25.3,94,0
27.6,171,1
17.9,59,0
25.2,120,0
21.9,71,0
29.6,46,0
22,116,0
31.3,96,1
29.7,180,1
22.8,128,0
25.7,409,1
31.3,465,1
18.2,75,0
22.5,94,0
39.4,101,1
24.6,37,0
22.9,56,0
25.6,117,0
22.8,122,0
31.1,85,0
18.8,73,0
21.4,110,0
24.8,73,0
23,165,0
27.2,100,0
25.9,58,0
28,130,0
22.9,81,0
22.8,162,0
19.1,62,0
29.7,59,0
30.4,137,1
31.8,124,0
24.6,103,0
29.3,125,1
28.2,113,0
25.3,51,0
22.7,68,0
17.6,75,0
23.9,65,0
45.2,162,1
27.6,120,0
31.3,106,1
36.3,69,1
34.4,205,1
29.3,65,0
22.2,172,0
37.5,124,1
22.9,195,0
29.5,107,0
22.4,106,0
28.9,55,0
30.4,122,1
16.7,38,0
39,179,1
30.1,268,1
27.4,101,0
28.5,56,0
22.1,86,0
22,72,0
37.3,220,1
24.1,117,0
32.8,133,1
28.4,65,0
24.8,125,0
24.4,77,1
21.1,122,0
18.7,64,0
25.5,94,0
21.4,108,0
22.9,70,0
38.5,195,1
29.8,93,1
36.9,75,1
25.4,76,0
39.2,217,1
31.2,92,1
28.1,207,1
24.8,90,0
29.1,83,0
21.5,439,0
24.9,50,0
30.2,291,1
32,279,1
30,37,0
44.2,155,1
20.6,145,0
53.1,82,1
39.4,88,1
29.3,45,0
27.7,55,0
20.7,84,0
31.6,145,1
22.8,44,0
42.8,191,1
22.4,160,1
27.6,979,1
35,98,1
23,116,0
28,330,1
21.8,80,0
30.9,63,0
27.1,93,0
25.8,63,0
31.6,90,1
46.7,174,1
27.4,87,0
23.7,62,0
19.2,58,0
32.1,44,0
49.2,198,1
44.7,153,1
29,125,1
27.3,96,0
21.5,89,0
25.4,53,0
22.5,55,0
29.3,67,0
29.6,115,0
33.1,73,0
21.9,238,0
38.8,88,1
38.4,205,1
26.8,170,0
30.8,80,0
25.5,74,0
34.6,114,0
24.1,135,0
33.3,131,1
29.2,332,1
25.9,37,0
20.2,114,0
40.9,82,1
51.8,174,1
30.4,124,0
40.1,166,1
23.5,64,0
44.8,178,1
27.7,170,1
25,117,0
35.2,159,1
27.6,92,0
36,120,1
22,144,0
28.2,115,0
28.2,225,1
26.9,149,0
23.6,55,0
31.3,167,1
28.1,109,0
25,60,0
26.2,275,1
22.5,72,0
43.7,173,1
35.8,140,1
24.3,105,0
35.8,262,1
30.4,80,0
34.9,274,1
27.5,160,0
34.8,106,1
24.8,57,0
25.9,153,0
28.4,71,0
31.8,92,0
38.5,85,1
31,175,1
31.6,274,1
31.6,96,1
26.2,66,0
21.9,74,0
30.2,108,1
29.5,178,1
26.1,54,0
21.1,76,0
31.2,130,1
30.7,181,1
34.2,177,1
25.6,188,1
22,107,0
24.5,77,0
19.7,94,0
40,92,1
25.5,162,0
46,148,1
25.9,111,0
25.8,44,0
21.9,185,1
33.9,97,1
28.3,81,0
23.8,112,0
19,329,0
31.1,82,1
35.1,215,1
24.2,106,0
22.1,37,0
17.9,44,0
37.5,166,1
20.7,75,0
33.3,147,1
31.5,61,1
18.2,398,0
21.6,83,0
33.1,116,1
25.7,125,0
21.6,68,0
23.7,99,0
25.8,92,0
26.4,138,0
23.5,42,0
25.8,76,0
34.4,148,1
19.4,66,0
22.3,90,0
27.9,113,0
30.5,271,1
25.7,72,0
18.1,44,0
25.1,183,0
31.8,84,0
36.3,123,1
29,212,0
23.1,116,0
22.6,143,0
26.2,119,0
33.2,172,1
32.5,224,1
46.9,377,1
23.5,94,0
21.5,54,0
29.4,189,1
34.8,152,1
21.2,157,0
34.6,130,1
33.8,88,1
24.4,37,0
23.4,98,0
39,202,1
20.8,76,0
42.2,144,1
25,43,0
37.2,158,1
20.5,91,0
37.7,86,1
29.3,114,1
24.2,56,0
45.9,148,1
23.3,105,0
25.1,162,0
22.8,112,0
22.9,92,0
35.2,70,1
23.4,55,0
30.3,109,1
25,76,0
26.4,53,0
38,59,1
17.8,64,0
30.9,58,0
28.2,125,0
27.4,75,0
29.1,146,1
22.3,113,0
38.2,150,1
37.8,109,1
21.8,61,0
27.1,87,0
23.3,127,0
31.1,80,0
22.8,115,0
33.1,147,1
34.4,167,1
25.8,141,0
29.6,154,1
28.9,63,0
33.2,126,1
32,103,1
19.1,73,0
28.4,125,1
30.3,127,1
23.2,67,0
28.3,192,1
28.5,1311,1
29.9,231,1
40.2,119,1
22,119,0
40.2,125,1
34.5,105,1
23.4,63,0
35.4,61,1
22.7,67,0
21.6,77,0
18.7,87,0
23,98,0
26.3,123,0
26.7,33,0
31.5,162,1
18.1,36,0
35,63,1
33.9,92,0
23.3,165,0
37.6,91,1
28.3,205,1
24.7,42,0
28,85,0
25.3,201,0
34.6,90,1
24.4,123,0
30.5,125,0
22.9,308,0
24.5,115,0
24.1,306,0
32.9,102,1
23.1,109,0
34.9,115,1
30.5,337,1
21.4,118,0
24,61,0
41.2,172,1
26.6,106,0
23.2,120,0
24,87,0
35.3,188,1
30.6,176,1
35.5,52,0
34.9,226,1
22.6,44,0
30,77,0
31.5,95,0
40.5,124,1
22.7,76,0
28.8,76,1
29.7,233,1
23.2,243,1
34,192,1
35.4,306,1
36.8,164,1
33.4,62,0
32.1,93,1
36.1,163,1
23,116,0
31.2,98,1
20.2,73,0
32,75,1
28.8,154,1
22.6,118,0
25.2,95,0
35,85,1
32.8,90,0
26.5,98,1
22.5,89,0
31.8,158,1
34.6,54,1
24.7,64,0
29.2,153,1
20.2,63,0
27.1,83,0
24.8,84,0
35,125,1
33.6,151,1
37.8,103,1
38.6,235,1
27.4,136,0
26.6,72,0
26.9,222,1
28.2,80,0
23.8,101,0
25.8,241,1
23.2,127,0
30.6,226,1
28.1,428,1
32.4,144,1
22,89,0
30.9,93,1
36.5,560,1
32.8,177,1
36.4,124,1
25.6,78,0
24.7,178,0
25.9,119,0
24.6,65,0
19,35,0
27.6,104,0
27.9,87,0
24.6,191,0
24.1,118,0
26.9,146,0
40.2,112,1
18.8,101,0
44.6,121,1
34.3,94,1
42.4,374,1
31.7,136,1
29,60,0
20.3,107,0
23.2,60,0
30.5,79,0
30.8,213,1
20.8,101,0
28.1,212,1
30.5,93,0
20.7,87,0
29.2,230,1
38.7,134,1
21.7,127,0
33.5,229,1
17,89,0
21.6,47,0
28.7,80,0
37.5,75,1
36.4,102,1
59.2,139,1
27.2,59,0
26.5,62,0
21.7,90,0
24.8,250,0
54.1,155,1
27.5,70,0
29.8,72,0
20.2,39,0
19.3,85,0
17.9,77,0
18.7,58,0
28.3,108,0
21.2,62,0
34.6,146,1
28.1,319,1
22,113,0
32.6,62,1
27.3,89,0
21.1,56,0
27.2,138,0
47.8,129,1
31.8,267,1
24.5,150,0
25.9,171,0
33.7,136,1
29.7,64,0
25.3,263,1
42.3,160,1
17.8,103,0
43.7,182,1
33.9,61,0
26.8,91,0
28,43,0
22.9,83,0
26.4,228,0
35,195,1
21.1,39,0
37.1,134,1
19.6,50,0
26.8,72,0
22.9,78,0
24.3,320,1
30.2,132,1
21.8,177,0
29.8,72,0
35,98,1
26.6,143,0
30.8,151,1
24.2,101,0
27.3,112,1
33.1,102,1
31.7,65,1
39.7,95,1
21.7,54,0
25.2,54,0
25.2,68,0
20,100,0
33.1,99,1
29.3,91,0
28.5,234,1
24.3,52,0
28.5,44,0
24,138,0
22,53,0
24.7,84,0
27.3,256,1
32.3,90,1
32.5,97,1
27.1,198,0
27.3,76,1
28.2,135,0
28.1,112,1
26.2,185,0
26.4,58,0
29.6,64,0
24.5,208,0
26.7,238,1
25.5,159,0
26.3,163,1
35.6,223,1
26.1,39,0
38.3,101,1
22.8,186,0
33.4,194,1
36,121,1
21.9,53,0
33.9,85,1
31.1,96,1
29.3,182,0
43,136,1
34.3,218,1
24.2,113,0
37.9,50,1
27.9,208,1
21.5,144,0
23.8,106,0
19.8,46,0
35.3,87,1
27.4,111,0
22.1,62,0
26.8,75,0
26.7,76,0
31.9,307,1
24.9,158,0
25.3,85,0
22.6,67,0
27.4,130,1
28.8,125,0
31.7,115,1
25.9,90,0
25.3,109,0
22.7,96,0
34.1,271,1
50.8,510,1
27.4,80,0
28.7,117,1
27.9,139,0
24.9,152,0
33.6,66,1
37.3,50,1
47.1,76,1
33.7,95,1
23.6,66,0
31.2,113,1
29.9,83,0
27.6,90,0
23.3,85,0
27.2,155,0
36.5,65,1
20.5,149,0
20.9,91,0
54.4,67,1
21.8,78,0
47,106,1
20.3,64,0
30.5,146,1
28.8,38,0
24.7,137,0
24.2,168,0
27.6,181,1
38,330,1
32.5,139,1
22.8,81,0
34.6,68,1
37.1,83,1
33.1,76,0
25.9,120,0
22.8,92,0
22.9,81,0
23.3,124,0
32.1,162,1
31.8,357,1
37.8,81,1
33.4,66,1
41.2,64,1
26.7,64,0
48.9,157,1
32.7,564,1
49.4,107,1
30.2,117,0
21.4,122,0
25.9,99,0
39.2,294,1
29.4,60,0
31.3,125,1
30.1,93,0
24.8,220,0
23.6,116,0
23,79,0
29.6,142,1
27,72,0
28.5,193,1
26.6,58,0
29,183,0
29.7,240,1
20.6,125,0
23.7,110,0
26.4,84,0
26.4,63,0
31.3,191,1
30.6,56,0
25,111,0
29.3,102,0
26.9,249,1
26.5,86,0
24.3,114,0
17.8,53,0
30.9,42,0
23.5,128,0
20.3,78,0
26.6,306,1
33.7,69,1
32.2,92,1
31.8,268,1
38.5,98,1
27.7,122,0
24.8,32,0
41.3,42,1
30.7,150,1
44.3,126,1
23.2,113,0
31.3,39,0
29.4,215,1
27.4,95,1
34.3,70,1
27.6,333,1
30.9,491,1
27.1,148,0
24.5,101,0
22.1,31,0
24.5,105,0
28.6,102,0
25.2,107,0
30.8,45,0
23.3,124,0
37.8,169,1
40.3,75,1
22.3,66,0
25.6,119,0
29.4,66,0
24.5,113,0
24,48,0
23.4,83,0
26.3,97,0
28.2,59,0
29.3,104,0
25,187,0
48.7,120,1
48.6,38,1
25.7,70,0
25.5,109,0
33.2,151,1
21.1,140,0
23,45,0
28,71,0
24.5,127,0
27.4,161,1
23,57,0
30.7,85,0
22.5,60,0
26.7,86,0
31.1,61,1
27.3,99,0
29.7,236,1
21.5,168,0
27.4,100,0
26.9,104,0
30.1,133,0
26.6,122,0
42.7,141,1
21.9,84,0
24.7,105,0
26.5,528,1
29.2,74,0
56.8,176,1
19.8,84,0
30.5,100,0
23.4,102,0
24.6,81,0
24.1,108,0
22.9,69,0
21.6,77,0
43.6,106,1
29.5,115,1
31.7,158,1
33.1,103,1
30.5,163,1
33.1,137,1
29.5,100,1
32.3,143,1
30.6,108,1
38.8,170,1
20.5,78,0
39.3,121,1
25.3,128,0
38.8,97,1
22.5,95,0
41.8,190,1
37.7,281,1
25.9,84,0
33.5,73,1
24.8,135,0
27.1,95,0
22.6,37,0
25.7,119,0
24.8,145,0
23.3,100,0
26.1,51,1
28,159,0
24.9,169,0
30.6,84,1
28.4,42,0
33.3,325,1
26.4,73,0
40.5,111,1
31.3,481,1
32.4,98,1
25.3,66,0
38.8,126,1
27.5,86,0
31.9,195,1
39.1,87,1
31.7,134,1
23.2,124,0
31.1,280,1
24.4,114,0
31.8,86,1
47.2,104,1
29.6,80,1
21.2,86,0
13.4,101,0
27.6,79,0
24.1,94,0
34,157,1
27.8,87,0
32.5,83,1
41,62,1
28.2,163,1
32.6,167,1
30.8,90,0
23.4,203,0
36.6,115,1
20.3,106,0
30.6,273,1
29.8,53,0
25.3,41,0
29.6,103,0
32.9,197,1
32.5,276,1
37.6,108,1
24,105,0
21.3,120,0
26.8,87,0
27.8,97,1
31.7,89,1
23.6,132,0
34.3,53,1
28.7,45,0
27.7,92,0
23.9,175,0
32.5,108,1
18.8,124,0
22.3,199,0
22.3,46,0
26.8,101,0
41.1,92,1
23.3,120,0
25.5,114,0
30.4,131,1
41.2,135,1
20.4,70,0
24.4,73,0
31.9,42,0
32,131,1
22.4,112,0
22.8,147,0
32.3,106,1
26.5,143,0
30.5,197,1
30.3,64,0
29.4,139,1
21.7,92,0
24.8,86,0
33.3,209,1
24.1,105,0
29.2,90,0
28.9,81,0
36.9,145,1
23.3,127,0
24.7,54,0
25.5,46,0
34.4,146,1
18.9,78,0
27.3,86,0
28,62,0
24.9,105,0
35.2,131,1
48.8,112,1
25.3,123,1
26.7,217,1
21,142,0
23.9,112,0
26.5,66,0
20.4,179,0
27,88,0
32,103,1
32,96,1
21.8,101,0
25.4,123,0
22,311,1
29.3,115,0
24.5,286,1
23.7,68,0
25.4,107,1
22.7,34,0
20.4,51,0
27.9,88,0
35.3,102,1
32.6,84,1
24,75,0
35,88,1
28.8,59,0
22.6,79,0
25.4,539,1
19.1,54,0
33.7,85,1
25.8,41,0
30.5,74,0
30.1,610,1
24.5,65,0
32.9,106,0
23.3,83,0
28.2,85,0
23.6,114,0
39.7,349,1
26.7,70,0
21.5,39,0
33.9,148,1
24,136,0
25.9,56,0
17.4,58,0
45.9,148,1
22.9,79,0
37.6,119,1
26.7,134,0
37.6,38,0
32.1,144,1
30.3,114,1
19.2,67,0
22.3,233,0
20.1,30,0
27.5,70,0
23,101,0
24.9,61,0
27.5,60,0
21.6,54,0
27.9,86,0
27.5,143,1
39.4,316,1
24.5,340,1
47.8,260,1
34.9,49,1
19.5,56,0
24.6,126,0
26,70,0
21.1,26,0
26.5,96,0
37.2,154,1
35,173,1
44,158,1
26.6,111,1
27.9,75,0
23.5,167,0
41.1,180,1
16.9,182,0
47.5,267,1
27.7,201,1
34.5,129,1
40.9,202,1
28.6,145,1
26.7,67,0
32,473,1
32.8,50,0
17.6,120,0
23.4,89,0
35.7,136,1
27,52,0
41.2,76,1
35.1,171,1
28.3,66,0
25.8,213,0
24.2,65,0
25.5,102,0
24.3,91,0
24.7,44,0
26.8,130,0
26.9,104,0
23.2,91,0
24.2,65,0
35.5,58,1
29.5,165,1
28.9,202,1
36.1,137,1
24.3,78,0
24.7,50,0
24.1,177,0
24.7,98,0
33.2,535,1
26,81,0
30.9,51,0
31.1,59,0
48.4,215,1
31.4,60,0
36.2,305,1
19.4,35,0
27.3,112,0
27.7,276,1
35.2,128,1
32.2,134,1
28.4,94,0
19.8,87,0
27.8,383,1
35.1,88,1
27.7,139,0
33.8,155,1
32.1,113,1
19.6,216,0
22.6,53,0
22.2,156,0
52.6,134,1
20.2,47,0
28.7,113,0
38.2,189,1
28.7,86,0
27,73,0
26.5,149,0
28.4,54,0
28.1,119,0
28.7,211,1
28.3,83,0
26.3,74,0
22,104,0
27,57,0
19.4,115,0
26.1,50,0
22,81,0
26.8,152,1
31.4,55,0
30.7,156,1
31.2,188,1
26.1,161,0
31.3,325,1
33.3,82,1
29.5,208,1
18.2,56,0
25.2,83,0
35.5,223,1
31.9,198,1
33.3,139,1
22.5,61,0
23,105,0
40,169,1
22.6,171,0
37.7,404,1
27.4,130,1
28.1,688,1
26.1,111,0
24.8,256,0
28.4,67,0
27.7,67,0
28.4,84,0
25.9,151,0
22.6,163,0
26.2,153,0
17.9,68,0
20.6,104,0
30.5,167,1
25.5,226,1
31.7,119,0
31.1,75,0
45.8,85,1
24.6,128,0
27.2,239,0
17.6,72,0
30.1,309,1
25.2,134,1
25.2,108,0
31.2,128,1
36.5,89,1
34.6,133,1
24,84,0
25.6,63,0
32.8,116,1
31.2,75,1
25.6,105,0
29.8,91,1
29.6,93,0
23.5,55,0
26.2,87,0
39.7,79,1
22.6,52,0
30.3,113,0
38.7,559,1
35,58,1
24.7,151,0
31.4,72,0
28,44,0
47,128,1
25.7,110,0
22.3,109,0
36.2,129,1
37.7,164,1
27.3,112,0
30.5,129,1
21.2,95,0
38.4,134,1
29.4,186,1
29,119,0
21,59,0
23.4,51,0
25.1,72,0
22.4,74,0
42.6,60,1
29.1,72,0
22,66,0
20.1,54,0
21.4,109,0
28.9,173,1
21.5,93,0
39.9,167,1
25.2,149,0
24,97,0
27.1,163,1
28.4,252,1
20.2,107,0
34.1,133,1
20.3,37,0
32.5,72,1
26,98,0
31,61,0
28.6,229,1
29.8,59,0
31.9,296,1
17.3,62,0
55.7,64,1
27.3,87,0
24.4,163,0
33.2,73,1
21.1,99,0
21.5,73,0
23.2,91,0
33.1,128,1
27.5,42,0
20.3,66,0
24.4,72,0
30.1,43,0
24.2,70,0
24.4,73,0
26,62,0
23.5,71,0
26.3,39,0
29.3,124,0
51.5,145,1
16.2,114,0
34.1,85,1
28,68,0
30.8,154,1
32.5,139,1
38.5,77,1
28.6,79,0
29.4,102,1
35.2,319,1
20.8,144,0
28.3,362,1
40,57,1
39.8,75,1
27.2,184,0
25.1,52,0
26.3,52,0
26.7,53,0
28.1,67,0
24.2,136,0
32.1,244,1
23.3,76,0
24.8,110,0
26.5,39,0
34.5,132,1
24.4,114,1
26.9,208,0
23.4,126,0
20.6,58,0
31.8,87,1
28,39,0
23.7,53,0
22.3,53,0
28.3,141,1
28.8,105,0
34.7,44,1
30.1,140,1
28.8,235,1
23.6,30,0
22.1,52,0
29.6,291,1
36,180,1
29.8,179,1
20.4,82,0
23.4,96,0
27.3,150,0
26.7,242,0
19.8,80,0
21.8,71,0
35.1,64,1
33.6,124,1
34.8,85,1
22.4,30,0
28.6,51,0
22,54,0
27.5,180,1
38.1,66,1
38.8,177,1
22.6,101,0
34.1,136,1
41.4,216,1
28.1,121,0
25.2,68,0
28.6,174,1
32.3,101,1
28.7,106,0
24,42,0
27.2,56,0
27.1,147,1
23.3,89,0
25.2,102,0
27.6,127,0
31.6,58,0
26.2,34,0
23.8,481,1
27.7,203,1
37.9,129,1
20.5,52,0
22,59,0
33.8,46,1
30.2,166,1
15.7,131,0
35.3,97,1
30,274,1
29.6,93,0
29.7,117,0
28.5,65,0
25.5,51,0
33.7,172,1
32,169,1
23.4,60,0
33,164,1
31.9,167,1
31,40,0
29.4,112,0
18.2,71,0
25.2,95,0
28.9,64,0
26,167,0
28.6,133,1
20,60,0
32.3,113,1
22.4,175,0
22.7,51,0
32.8,320,1
17.9,84,0
20.8,77,0
27.7,285,1
35.2,144,1
24,67,0
23.2,41,0
27.5,26,0
36.9,217,1
25.2,48,0
31.9,241,1
26.8,69,0
30.3,189,1
17,55,0
20.6,74,0
20.5,89,0
25.7,108,0
43.6,114,1
26.3,120,0
39.3,40,1
29.5,99,1
19,85,0
31.9,95,1
30.7,102,0
24.1,231,0
44.9,103,1
34.3,58,0
32.2,81,0
23.3,65,0
34.9,44,0
21.9,101,0
26.2,109,0
20.9,63,0
30.9,272,1
27,382,1
40.8,103,1
22.5,80,0
30.2,666,1
27.8,94,0
28.2,55,0
20.7,226,0
29.9,145,0
27.5,188,0
31.1,138,1
26.5,105,0
33.9,210,1
28.4,44,0
19.2,62,0
31.8,170,1
24.7,131,0
23.7,64,0
28.9,87,0
24.3,91,0
31.2,94,0
27.9,114,0
41,307,1
18.7,47,0
27.6,113,0
24.1,89,0
25.1,98,0
28.4,83,0
29.7,118,0
22.1,180,0
40.5,149,1
31,173,1
33.7,350,1
24.7,62,0
28.7,345,1
27.8,180,1
32.4,134,1
17.9,42,0
27.2,222,1
39.5,180,1
31.8,274,1
26.1,168,0
29.5,124,1
32.4,228,1
34.2,245,1
18,106,0
28.2,86,0
23.2,112,0
24.6,111,0
42.5,105,1
20.6,139,0
38.4,110,1
33.8,157,1
26.9,140,1
28,37,0
27.3,60,0
24.3,64,0
22.3,103,0
32.7,141,1
30.9,141,1
29.2,275,1
26.4,58,0
23.8,76,0
21.6,43,0
36.8,145,1
23.9,67,0
22.7,45,0
19.9,45,0
29.8,222,1
22.8,55,0
36.9,79,1
24,149,0
29.3,147,1
26.1,108,0
32.9,71,1
30.9,156,1
28.6,127,0
39.8,259,1
38.9,78,1
22.5,38,0
20.6,196,0
30.3,75,1
29.7,85,0
37.1,174,1
39,145,1
33.3,99,1
31.6,90,0
27.9,189,1
27.8,526,1
27.6,106,0
24.7,41,0
23.3,91,0
23.7,58,0
23.5,102,0
24.5,60,0
29.1,63,0
24.7,75,0
24.9,700,1
25.6,250,0
29.4,57,0
34,95,1
24.9,159,0
25.2,269,0
26.2,107,0
31.9,62,0
26.9,82,0
23.9,165,0
26.3,162,0
25.5,115,0
21.3,77,0
27.3,55,0
28.1,1562,1
29.3,208,1
24.3,112,0
36.7,336,1
36.1,149,1
32.5,151,1
28.7,265,1
33.3,66,1
31,145,1
22.5,115,0
33.1,127,1
34.1,124,1
29.5,166,1
23,108,0
26.4,93,0
30.3,108,0
22.8,117,0
45.5,52,1
41.8,55,1
31.7,106,0
19.4,57,0
30.2,87,1
35,159,1
40.5,54,1
36,73,1
28.4,180,0
22.2,71,0
23.9,288,0
25.9,138,0
33.2,157,1
23.7,140,0
21.2,86,0
34.7,476,1
32.9,101,1
23.2,80,0
18.6,89,0
25.2,104,0
57.1,78,1
23.6,149,0
30.1,92,0
27,92,1
29,76,0
33.6,114,1
30.3,511,1
25.8,80,0
23.2,38,0
25.5,91,0
29.8,120,0
17.8,95,0
23.6,79,0
20.8,106,0
16.9,91,0
35.8,89,1
24.3,85,0
21.1,63,0
34.2,439,1
33.5,125,1
36.1,138,1
26.8,76,0
50.9,69,1
33.8,166,1
22.4,87,0
38.1,146,1
17.6,55,0
25.8,117,0
23.8,94,0
23.2,67,0
18.4,65,0
29,149,0
24.5,87,0
28.5,461,1
27,76,0
20,48,0
23.8,131,0
23.5,84,0
39.7,142,1
21.4,58,0
20.6,88,0
33.3,213,1
27.4,153,1
30.5,118,1
22.4,94,0
39.3,167,1
31.9,104,1
32.3,244,1
27.4,70,0
28.7,93,0
23.6,129,0
26.2,87,0
45.5,70,1
23.8,100,0
20.2,92,0
36.2,50,1
23.4,78,0
29.1,295,1
22.3,97,0
33.8,135,1
18.9,77,0
29.9,190,1
33.8,105,1
30.4,164,1
44.5,112,1
17.5,69,0
20.7,138,0
29.9,94,0
28.7,152,0
37,109,1
27.4,84,0
27.5,133,1
38.4,303,1
32.3,81,0
32.3,83,1
23.7,78,0
33.4,277,1
37.8,99,1
22.3,71,0
41,95,1
20.5,130,0
20.6,32,0
25.2,37,0
26.3,70,0
25.2,82,0
18.1,134,0
28.6,490,1
24.4,75,0
27.1,92,0
35.7,98,1
20.8,42,0
31.1,72,0
28.7,26,0
22.6,41,0
22.8,119,0
25.6,111,0
44.7,191,1
26.4,71,0
22.2,44,0
21,82,0
20.8,125,0
19.2,39,0
24.9,135,1
27.7,106,0
29,98,0
30.2,126,0
30.8,126,0
27.9,47,0
28.6,95,0
22.3,137,0
28.8,70,1
23.5,200,0
25.5,101,0
38.7,229,1
23.6,75,0
31.9,75,0
23.4,55,0
18.5,76,0
25.6,62,0
22.7,55,0
25.1,309,1
39.3,71,1
29.1,102,0
26.4,138,0
32.9,104,1
22.9,67,0
41.8,84,1
40.4,141,1
24.7,114,0
34.5,118,1
29.8,82,0
25.8,179,0
21,55,0
40.8,156,1
29.9,182,1
34.1,153,1
27.8,267,1
22.2,86,0
20.8,129,0
29.7,101,0
20.6,76,0
34.1,156,1
32.5,100,1
27.7,131,0
25,156,0
36.7,147,1
25.7,47,0
23.4,86,0
28.7,181,1
41.2,60,1
22.1,67,0
32.5,34,0
23.1,45,0
21.8,80,0
45.3,489,1
29.5,41,0
24.5,50,0
34.6,192,1
21.2,83,0
24.4,140,0
28.3,53,0
24.9,148,0
31.4,138,1
22.7,31,0
29.5,101,0
38,77,1
30.9,146,1
29.3,90,1
29.3,78,1
23.4,182,0
27.5,151,0
32.6,88,1
19,30,0
32.8,231,1
37.1,139,1
27.6,59,0
33.7,107,1
28.9,109,0
23,76,0
39.8,79,1
30.6,68,0
27,69,0
32.4,147,1
35.9,42,0
26.4,144,0
20.9,63,0
24,88,0
23.4,117,0
21.6,55,0
31,64,1
23.8,157,0
29.4,67,0
32,400,1
36.4,88,1
28.3,94,0
27,84,0
30.1,117,1
28.6,80,0
24.3,35,0
26,59,0
28.1,98,1
38.5,147,1
23.9,101,0
33,607,1
23.5,92,0
38.8,99,1
26.8,87,1
25.4,107,0
25.9,133,0
20.4,53,0
27.8,174,0
27,168,0
31.2,175,1
20.8,60,0
20.1,198,0
23.7,73,0
22,216,0
26.4,62,0
20.9,82,0
26.6,123,1
21.3,100,0
24.8,52,0
23.8,46,0
26.1,151,0
42.6,72,1
19.3,70,0
28.4,70,0
48,298,1
32.1,195,0
19.6,81,0
31.3,196,1
34.8,94,1
30,215,1
31.5,111,1
19.7,32,0
22.7,229,1
32.4,109,1
37.5,91,1
22.9,64,0
36.5,162,1
28.3,182,1
32.4,74,1
42.4,373,1
33.3,104,1
32.1,30,0
20.9,43,0
18.6,89,0
36,95,1
27.3,86,0
18.3,35,0
28.4,52,0
37.8,144,1
23.6,101,0
25.4,105,0
25.1,105,0
26.8,51,0
28.9,75,0
28.4,144,0
20.6,81,0
29.4,165,1
29.4,84,1
31.3,124,1
28.9,51,0
35.7,64,1
20.3,24,0
28.9,148,1
35.9,57,1
23.6,93,0
38.3,87,1
38.9,139,1
28.9,312,1
32.7,77,1
27.3,67,0
24.6,78,0
30.5,49,0
24.8,108,0
30.3,62,1
22.1,64,0
37.8,226,1
27.7,88,1
31.2,47,1
28,99,0
30.4,68,0
46.1,127,1
21,39,0
33,94,1
29.1,85,0
32.3,90,1
21.5,66,0
37.6,196,1
36.4,67,1
33.6,101,1
21.4,107,0
26.8,270,1
22.7,81,0
46.2,68,1
30.8,187,1
30.9,66,1
26.4,62,0
26.5,90,0
19.2,29,0
36.2,124,1
26.4,119,0
22.5,62,0
27.5,42,0
30.1,125,1
25.6,127,0
37.5,75,1
39.7,72,1
19,65,0
27.3,67,0
23.4,38,0
18.1,123,0
30.2,119,1
24.9,36,0
30.2,124,1
23,60,0
49.9,154,1
32.2,116,1
27.8,98,0
26.3,55,0
25,146,0
27.8,132,0
28.6,321,1
28.6,66,0
35.4,151,1
30.5,58,0
22.6,49,0
44.2,60,1
50.9,296,1
28.1,86,0
41.6,150,1
30.7,179,1
26.6,211,1
22.2,113,0
32.4,46,0
24.9,44,0
30.9,102,1
32.9,81,1
34.4,49,1
32,83,0
29.7,75,0
24.2,98,0
22.4,107,0
26.8,67,0
39.2,100,1
31.9,209,1
31.2,993,1
25.4,172,1
24.5,62,0
28,57,0
18.4,45,0
23.5,43,0
28,22,0
26.2,61,0
39,52,1
35.7,68,1
33.3,58,0
29.6,136,1
35,186,1
24.2,48,0
21.3,67,0
42.7,153,1
23.7,59,0
26.4,124,0
26.4,69,0
23.9,45,0
29.9,156,1
47.2,97,1
34.2,171,1
23,106,0
40.7,175,1
24.3,92,0
27.3,32,0
23.9,79,0
32.1,72,1
37,46,0
28.7,211,1
24.3,114,0
39.9,60,1
27.3,76,0
36.1,214,1
31.2,303,1
23.5,90,0
23,111,0
26.9,31,0
29.5,61,0
21.3,68,0
43,145,1
36.2,63,1
21.9,56,0
49.2,53,1
30.6,190,1
33.3,152,1
31.6,105,1
19.8,128,0
21,96,0
31.8,109,1
19.9,84,0
16.8,65,0
28.2,51,0
27.3,87,0
27.3,39,0
45.1,59,1
31,72,0
22.2,56,0
27.6,67,0
28.7,181,1
22.9,113,0
30.4,105,0
18.1,150,0
28.9,208,1
19.8,49,0
39.8,607,1
47.7,89,1
22.7,294,0
29.6,57,0
22.1,34,0
23.6,149,0
33.9,128,1
21.8,73,0
24.4,41,0
34.7,178,1
20.9,24,0
44.9,128,1
28.3,48,0
42.7,124,1
24.6,84,0
47.8,111,1
21.3,76,0
27.9,129,0
32.4,123,1
37.5,386,1
31.4,85,1
33.3,257,1
27.8,88,0
19.7,104,0
18.9,124,0
19.7,40,0
43.1,121,1
28.5,99,0
21.7,57,0
38.5,68,1
48.6,128,1
28.6,118,0
25.8,346,1
23.1,73,0
27.2,92,0
26.3,170,1
28.1,58,0
29,120,0
30.2,173,1
22.6,42,0
30.5,237,1
43.2,133,1
23.7,35,0
25,101,0
36.8,51,1
35.7,71,1
20.9,89,0
25.1,53,0
25.2,88,0
28.5,259,1
19.7,143,0
21.5,61,0
29,102,0
51.3,20,1
33.6,230,1
27.6,111,0
28,94,0
24.3,88,0
30,132,1
34,106,1
43.3,121,1
29.4,309,1
32.9,569,1
30.8,230,1
27.8,91,0
21.6,39,0
18.6,87,0
30.4,139,1
33.2,214,1
36.6,55,1
25.8,51,0
29.1,209,1
29.9,203,1
44.1,84,1
25.8,100,0
32.5,177,1
26.3,100,0
27.1,88,0
44.6,45,1
28.2,228,1
31.5,97,1
20.8,62,0
21.6,122,0
21.6,48,0
33,70,1
26.7,43,0
23.4,61,0
26.9,102,0
23.9,87,0
40,331,1
26.8,57,0
41.1,104,1
30.2,273,1
24,122,0
29.2,67,0
28.6,76,0
26.8,56,0
27.6,91,0
25.5,62,0
58.9,134,1
29.3,159,0
28.1,478,1
31.2,57,0
20,59,0
33.3,110,1
34.2,242,1
30.6,64,0
18.1,79,0
24.6,87,0
24.2,57,0
27.3,150,0
22.2,50,0
31.5,61,0
27.6,202,0
27.9,82,0
33.8,276,1
33.4,130,1
33.4,265,1
22.2,82,0
24.6,61,0
32.4,204,0
35.4,271,1
32.8,65,1
27,68,0
33.1,100,1
31.5,162,1
34.6,92,1
20.3,106,0
34.8,98,1
37.1,34,0
34.7,148,1
26.8,62,0
22.5,93,0
25.2,76,0
31.2,40,0
38.8,214,1
33.4,384,1
26.6,112,0
27.7,93,0
29.8,190,1
29.9,58,0
48.1,137,1
23.6,66,0
32.1,516,1
35.9,45,1
25.6,116,0
38,119,1
28.6,172,1
25.2,124,0
33.4,216,1
28.6,173,1
24.5,39,0
31.8,128,1
38.9,108,1
24.6,168,0
28.9,31,0
17.9,48,0
31.3,127,1
27.2,60,0
68.6,72,1
28.1,98,0
35.1,39,1
31.1,113,1
30.5,264,1
26.8,32,0
27.1,92,0
30.4,102,0
26.2,44,0
27.4,71,0
31.2,287,1
33.6,59,1
54,146,1
25.4,65,0
35.8,164,1
22.2,76,0
50.2,153,1
17.3,100,0
26.1,147,0
28.2,85,0
26.3,40,0
37.2,74,1
35.1,119,1
19.6,75,0
37.1,155,1
29,115,0
27.2,23,0
26.1,40,0
22.8,35,0
33.8,115,1
29.4,189,1
26.9,42,0
36,179,1
32.9,49,1
23.8,156,0
34.3,69,1
30.5,100,1
26.6,92,0
34.3,61,0
37.2,65,1
30.1,75,0
26.6,114,0
23.3,97,0
26.3,32,0
43.1,136,1
24.8,97,0
36.1,199,1
31.1,123,1
27.4,188,0
24.7,136,0
25.6,114,0
37.6,66,1
27.4,103,0
24.7,38,0
18.9,35,0
33.7,38,0
24.4,108,0
28.4,387,1
34.5,236,1
43.2,367,1
24.2,179,0
26.6,113,0
33.7,149,1
35.1,89,1
26.7,81,0
29.6,144,0
30,88,0
21.3,53,0
23.9,87,0
46.4,182,1
22.8,42,0
31.1,117,0
30.2,113,1
21.3,45,0
28.2,101,0
48.3,155,1
20.7,60,0
17.6,69,0
37.4,137,1
31.2,80,1
17.3,106,0
21.4,124,0
36,182,1
28.7,183,1
29,249,1
35.8,139,1
29.8,165,1
30.4,118,1
21.3,36,0
35.5,72,1
43.6,110,1
29.6,320,1
37,83,1
31.7,132,1
28.6,173,0
24.5,150,0
31.5,47,1
21.5,48,0
34.5,36,0
25.8,100,0
24.1,105,0
21.6,40,0
44.4,134,1
32,142,1
28.7,66,0
29.2,271,1
29.9,99,0
50.7,85,1
28.6,342,1
34.3,212,1
31.8,87,1
33.5,159,1
45.7,47,1
21.2,98,0
16.5,71,0
39.9,232,1
27.5,67,0
27,42,0
22.8,72,0
22.5,61,0
25.4,89,0
27.2,76,0
25.9,82,0
23.7,67,0
37.2,63,1
25.8,69,0
41.4,239,1
20.9,44,0
21.1,62,0
27.2,66,0
29.3,115,0
43.1,71,1
39.3,84,1
26.8,84,0
23.9,136,0
34,78,1
31.7,52,0
31.1,167,1
55.7,103,1
35.6,121,1
31.3,67,0
20.7,53,0
33.5,83,0
29.4,46,0
27.2,117,0
33.2,43,0
18.6,55,0
32.8,192,1
25.4,147,0
19.7,38,0
27,58,0
28.5,86,0
26.9,83,0
19.3,65,0
22,42,0
29.1,125,1
25.6,85,0
29.2,56,1
34,84,1
31.8,54,1
26.9,130,0
37,179,1
42.4,116,1
27.8,234,1
35.8,69,1
39.8,57,1
26.5,61,0
21.3,117,0
26.1,58,0
33.8,101,1
22.2,111,0
29.2,184,0
31.6,85,1
20.4,109,0
33.1,113,1
24.3,62,0
22.5,75,0
34.8,74,1
23.6,92,0
44.9,93,1
23.7,61,0
32.6,93,1
21.7,47,0
41.1,68,1
23.9,278,1
32.6,139,1
35.3,131,1
29.5,208,1
28.5,78,0
22.4,114,0
25.9,124,0
24.4,156,0
19.6,77,0
28.7,122,1
20.6,123,0
31.3,159,1
25.1,73,0
23.9,65,0
31.6,205,1
27.5,69,0
27.1,88,0
30.6,128,1
16.9,177,0
41.5,180,1
19.3,59,0
28.6,37,0
33.6,107,1
19.6,35,0
29.4,101,1
24.5,89,0
26.2,118,1
26.9,149,0
20.7,82,0
42,128,1
23,50,0
28.7,92,0
23.8,115,0
26.8,38,0
23.3,85,0
55.6,80,1
32.2,123,1
31.3,80,0
26.2,101,0
28.6,87,0
24.2,72,0
18.9,39,0
18.4,118,0
36.1,244,1
30.2,51,1
27.7,193,1
25,69,0
20.6,93,0
31.9,117,1
20.9,31,0
26.4,139,0
31.1,185,1
25.1,43,0
25.8,63,0
21.6,77,0
21.5,76,0
29.5,83,1
24.9,93,0
38.2,379,1
23.9,58,0
20.3,77,0
20.2,57,0
21,164,0
28.5,116,0
27.4,100,0
54.9,101,1
28.2,67,0
36.7,149,1
17.3,131,0
31.2,26,0
25.7,109,0
25.3,80,0
24.9,76,0
33.7,68,1
37.7,96,1
26.9,79,0
28.5,100,1
19.2,44,0
19.5,22,0
38.7,622,1
22.8,69,0
30.7,300,1
23.5,96,0
25.9,84,0
20.2,54,0
33.5,115,1
44.9,59,1
27.1,193,1
30.9,99,1
22.8,49,0
22.3,62,0
36.1,78,1
32.4,180,1
25.8,65,0
17,141,0
27.2,75,0
34.2,184,1
34,112,1
26,230,0
20.9,71,0
32.4,79,1
38,216,1
50.5,50,1
28.2,59,0
23.9,154,0
28.6,128,0
29.4,240,1
40.1,157,1
30,157,0
20.7,75,0
20.2,33,0
27.5,90,0
32.5,90,1
31.5,30,0
39.1,279,1
30.4,80,0
47.5,135,1
35.9,71,1
25.8,93,0
26.1,89,0
34.8,117,1
34.8,283,1
50.4,60,1
31.4,55,0
18.6,46,0
26.7,104,0
22.7,56,0
20.2,55,0
43.1,77,1
21.8,57,0
36.2,86,1
32.2,393,1
31.3,80,1
29.1,20,0
23.6,134,0
24.4,57,0
38.9,132,1
33.6,70,0
27.8,50,0
17.7,56,0
23.5,69,0
21.5,148,0
22.4,82,0
23.8,89,0
31,317,1
25.2,127,0
29,86,1
27.5,105,0
38.3,56,1
41.7,86,1
35.4,268,1
26.6,101,0
29.1,128,1
29.6,76,0
21.9,73,0
24.7,98,0
28,130,1
18.8,44,0
26.2,120,0
26.5,169,0
21.2,158,0
28.3,125,0
24.7,85,0
30.9,101,0
23.4,67,0
31.2,189,1
25.8,43,0
21.8,199,0
26.8,212,0
27.2,115,0
27.7,239,1
23.9,221,0
21.8,123,0
25.2,56,0
34.1,54,1
23.1,110,0
26,80,0
41.3,189,1
24.2,33,0
27.3,63,0
21.2,82,0
33.5,103,1
20.4,41,0
20.8,59,0
22.6,62,0
19.8,41,0
19.5,106,0
33.8,81,1
27.4,151,0
28.1,113,0
33,71,1
26.6,38,0
25,54,0
24.6,132,0
21.3,239,0
27.8,111,0
23.2,99,0
50.8,72,1
24.3,76,0
28,231,1
21.2,37,0
29.3,63,0
24.8,73,0
19.5,35,0
43.3,473,1
25.6,52,0
21.3,89,0
27.4,123,0
31.3,57,0
24.4,195,0
20.7,44,0
35.7,34,1
45.3,125,1
25.1,31,0
35.3,59,1
23.2,47,0
26,223,1
22.1,59,0
21.1,111,0
22.8,74,0
25.3,74,0
24,171,0
24,52,0
26.1,56,0
43.8,99,1
27.8,38,0
23.7,84,0
27.9,94,0
32.5,57,0
38.4,129,1
35.3,225,1
17.3,69,0
26.1,178,0
23.4,120,0
28,250,1
32.9,87,0
21.7,42,0
29,113,1
27.8,56,0
25.8,151,1
30.7,54,0
16.9,52,0
30.7,134,1
26.5,37,0
24.1,43,0
25.8,81,0
20.7,114,0
19.6,49,0
24.7,73,0
26,60,0
30.2,85,0
21,33,0
26.9,110,0
22.7,100,0
31.3,67,0
26,178,0
17.4,40,0
42,124,1
33.5,98,1
27.6,46,0
28.9,129,1
28.1,144,0
26.5,75,0
26.3,45,0
30.9,197,1
37.2,302,1
36.1,69,1
31.3,162,1
36.1,140,1
25.9,123,0
23,63,0
37.2,65,1
31.3,39,0
31.6,46,1
25.7,93,0
25,162,0
23.9,162,0
30.4,431,1
26.7,57,0
29.3,55,0
30,211,1
21.1,71,0
24.1,121,0
30.1,111,0
39.2,68,1
22.7,146,0
27.9,138,1
19.3,71,0
36.1,74,1
21.6,68,0
50.3,95,1
34.3,420,1
17.7,58,0
32.8,120,1
20.3,47,0
25.6,103,0
20.8,46,0
26.1,56,0
32.2,136,1
31.2,222,1
29.2,56,0
21.8,72,0
18.6,59,0
22,90,0
26.2,96,0
27.8,122,1
26.4,58,0
30.2,150,0
35.9,157,1
28.2,40,0
22.1,68,0
30.7,54,0
21.5,88,0
34,108,1
19.5,76,0
23.3,64,0
25.7,58,0
29.4,132,0
27.4,285,1
29.3,94,0
28.8,97,0
49.4,267,1
23.9,170,0
28.3,117,1
19.3,117,0
27.6,91,0
21.9,54,0
23.2,43,0
28.5,123,1
22.2,85,0
27.4,224,1
21,156,0
34.7,115,1
22.3,73,0
23.1,71,0
38.7,104,1
31.2,238,1
28.1,153,1
31.2,157,1
32.2,178,1
29.8,86,1
34,54,1
29.4,93,0
21.4,47,0
24.4,37,0
31.3,393,1
30.7,790,1
29.8,65,0
70.1,76,1
25.6,51,0
26.7,98,0
24.8,105,0
28.6,138,1
22.8,79,0
63,111,1
28.6,138,1
30.6,55,0
18.8,45,0
41.3,77,1
40.4,61,1
26,86,0
34.5,50,0
28,92,0
44,37,1
31.9,95,0
23,50,0
31.5,163,1
25.3,74,0
25.9,76,0
23.5,123,0
26.4,67,0
44.8,88,1
39.9,140,1
30.7,124,1
25.5,66,0
29.2,180,1
33.6,457,1
40.6,211,1
21.8,46,0
26.1,96,0
27.6,76,0
26.4,63,0
23.4,45,0
36.4,196,1
23.7,53,0
24.1,187,0
25.9,113,0
33.8,123,1
28.5,78,0
24.7,85,0
22.7,98,0
22,113,0
21.1,54,0
27.7,208,1
18.6,35,0
26.2,175,0
32,114,1
26.1,73,0
27.5,78,0
19.3,131,0
27.2,309,1
29.1,280,1
24.4,73,0
30.5,335,1
18.5,60,0
36.4,107,1
19.5,35,0
29.1,119,0
29.3,41,0
37.7,30,1
29.5,453,1
30,213,1
41.3,111,1
25.6,97,0
24.1,64,0
20.6,64,0
22.5,73,0
30.5,192,1
25.4,100,0
24.6,91,0
31.8,124,1
42,60,1
28.2,115,0
31.5,130,1
25.9,48,0
21.8,53,0
24.4,73,0
36.5,43,1
24.7,160,0
23.8,137,0
25.9,93,0
24.7,50,0
27.9,136,1
43.4,264,1
32,80,1
39.1,140,1
32.2,118,1
25.6,34,0
40.4,161,1
44.4,58,1
40.1,226,1
42.3,128,1
23.8,133,0
41.2,221,1
35.3,193,1
28.2,66,0
18.3,64,0
56.7,191,1
29.1,88,0
21.2,75,0
40.2,48,1
23.9,75,0
21.7,92,0
29.9,61,1
30.4,85,1
35.3,179,1
28.8,109,0
29.6,105,1
28.5,113,0
21.5,77,0
21.7,66,0
22.2,133,0
20.6,235,0
25.8,72,0
54,118,1
30.5,57,0
21.6,65,0
35.4,51,1
26.9,105,0
22.1,129,0
21.5,37,0
23.9,25,0
22.1,146,0
37.2,123,1
38.2,175,1
21.2,114,0
29,187,1
27.9,70,1
22.4,78,0
24.8,80,0
23.6,65,0
23.9,50,0
39.3,183,1
34.4,226,1
34.4,55,1
21.6,102,0
24.4,84,0
39.5,129,1
29.2,99,0
27.4,45,0
24.6,28,0
23.8,43,0
24.6,90,0
30.7,88,1
22.3,69,0
37,182,1
28.8,200,1
22,49,0
33.7,94,1
32.6,58,1
41.5,276,1
25.6,81,0
23.1,77,0
28.4,136,1
37.3,233,1
29.8,124,1
23.9,48,0
24.7,128,0
31.4,64,0
20.8,65,0
20.6,73,0
18.6,117,0
28.7,60,0
30.6,62,0
43.4,86,1
29.9,338,1
23,108,0
30.8,60,0
23.5,69,0
35.6,130,1
35.9,273,1
35.7,92,1
30.3,101,1
21.6,33,0
26.8,88,0
22.1,77,0
18.5,54,0
33.2,1102,1
39.9,58,1
28,65,0
26.6,248,1
25,126,0
25.1,87,0
22.1,161,0
50.3,63,1
50.6,113,1
40.2,71,1
22.6,42,0
23.1,94,0
21.3,37,0
19,95,0
32.9,175,1
30.4,118,1
27.3,58,0
26.8,118,0
41.9,66,1
31.2,75,1
29.3,143,0
20.1,24,0
23.7,63,0
27.6,115,0
21.3,100,0
22.9,74,0
24.7,114,0
28.3,136,0
27.4,73,0
22.3,266,0
20.7,27,0
46.2,155,1
24.2,110,0
35.9,141,1
23.9,74,0
35.3,70,1
24.9,93,0
30.4,108,0
31.7,92,1
28.4,155,1
34.4,68,0
25.3,128,0
48.2,92,1
31.2,180,1
26.4,152,0
20.9,51,0
18.5,33,0
27.1,185,1
23.1,185,0
34.8,63,1
49.3,51,1
42.8,65,1
23,94,0
19.3,66,0
33.9,169,1
32.5,116,1
47.1,58,1
22.4,37,0
33,279,1
23.3,90,0
21.5,76,0
26.7,42,0
22.9,248,0
17.7,210,0
33.4,182,1
21.3,270,0
33,77,1
39.8,148,1
31.6,88,1
28.7,135,0
33.8,150,1
29.3,66,1
32.5,68,1
31.3,50,0
19.5,72,0
33.7,57,0
26.7,77,0
25,53,0
28.7,121,1
39.8,73,1
21.4,31,0
22.9,150,0
28.6,130,0
31.6,56,0
23.6,86,0
19,51,0
20.2,60,0
30.1,26,0
48.3,67,1
30.2,62,1
22.9,322,1
33.1,286,1
35.5,131,1
31,75,0
34.5,103,1
36,326,1
27.7,94,0
29.8,211,1
34,209,1
30.8,97,1
33.1,288,1
31.2,145,1
29,183,1
28.2,44,0
29.5,63,0
34.3,105,1
25.6,101,0
19.1,60,0
25.5,85,0
31,27,0
22.8,113,0
28.1,84,0
28.8,136,1
30.6,313,1
23.2,90,0
18.1,66,0
24,50,0
30.7,51,0
23.8,182,0
22,86,0
23.3,72,0
35.5,87,1
29.4,115,1
20.8,123,0
32.4,411,1
21.4,103,0
29.1,79,0
34.7,97,0
42.5,87,1
23.1,84,0
39.2,145,1
20.4,111,0
35.3,99,1
33.4,64,1
28.3,218,1
28.5,83,1
23.3,286,0
26.5,211,0
36,144,1
25.7,108,1
35.7,100,1
30.1,150,1
23.4,86,0
21.5,64,0
33.7,160,1
28.4,187,0
26.4,141,0
27.1,94,1
32.4,56,1
48.4,105,1
26.2,48,0
18.4,54,0
30.8,209,1
30.4,173,1
21.2,83,0
23.3,143,0
29.2,147,1
57.9,221,1
26.1,94,0
46.8,308,1
36.2,80,1
26.7,67,1
24.9,105,0
28.4,46,0
22,55,0
26.6,322,1
23.5,181,0
19.6,46,0
22.8,88,0
26.3,38,0
23.7,63,0
37.1,56,1
26.5,44,0
25.1,74,0
30.2,292,1
49.5,113,1
26.2,154,0
25.5,79,0
26.3,102,0
27.2,86,0
22.3,106,0
20.4,50,0
33.4,178,1
36,308,1
26.8,67,0
22.4,118,0
29.4,72,1
22.8,35,0
27.9,276,1
27,292,1
35.6,66,1
25.9,32,0
30.8,111,0
26.5,81,0
20.7,64,0
29.3,85,0
26.2,68,0
29.2,239,0
27.4,43,0
26.6,100,0
20.4,36,0
31.6,186,1
31,115,1
22,74,0
32.5,101,1
25.4,73,0
19.5,38,0
29.1,32,0
32.3,198,1
21.5,105,0
24,106,1
34.3,143,1
42.1,86,1
27.9,222,1
25.1,197,0
34.7,100,1
25.7,61,0
24.2,78,0
19.3,54,0
21.4,59,0
27.6,163,1
33.9,63,1
22.3,67,0
34.2,83,1
23,67,0
22.9,69,0
30.1,84,0
23.3,70,0
29.2,322,1
28.4,71,1
31.2,67,0
22.9,52,0
30.4,120,1
20.8,99,0
32.5,56,0
25,184,1
21.7,92,0
29.1,68,1
18.8,86,0
29.8,98,1
32.8,117,1
19.7,47,0
26.8,241,1
25.6,115,0
28,90,0
36.8,122,1
27.9,54,0
23.1,35,0
36.4,91,1
31.2,157,1
21.3,89,0
45.9,162,1
36.3,25,0
27.1,225,1
34.8,87,1
26.7,31,0
41.7,165,1
22.5,130,0
23.5,32,0
25.7,68,0
46,79,1
22.3,116,0
19.6,48,0
33.1,108,1
23.9,75,0
18.4,158,0
28.3,59,0
20.7,83,0
26.1,108,0
22.6,38,0
36.4,62,1
43.8,104,1
24,230,0
27.6,642,1
38.5,67,1
39.2,105,1
22.2,68,0
33.8,210,1
28.5,134,0
33,56,1
38,121,1
27.5,356,1
50.2,133,1
26.3,64,0
31.6,222,1
26.6,270,1
23.4,130,0
30.1,173,1
26.7,196,1
24.2,53,0
32.3,117,0
32.5,40,1
21.6,59,0
32.8,136,1
22.4,63,0
45.9,185,1
32.6,228,1
27.5,167,1
31.8,102,0
20.7,44,0
34,52,0
27.6,55,0
37.1,204,1
18.2,71,0
22.1,127,0
19,85,0
28.5,85,1
17.4,77,0
23.6,45,0
22.4,39,0
26.3,40,0
33.7,79,1
41.4,55,1
20.6,46,0
16.9,47,0
22.5,56,0
50.1,91,1
27.9,79,0
17.6,70,0
29.2,145,0
26.6,140,1
29.9,162,1
38.2,205,1
29,118,1
25.3,167,0
19.5,104,0
31,107,0
28.9,86,0
36.5,135,1
22.6,101,0
47.3,107,1
28.9,48,0
28.3,114,0
19.7,77,0
28,131,0
25.4,59,0
27.4,66,0
23.8,251,0
27.8,79,0
26.3,162,1
27.6,60,0
27.3,146,0
26.2,33,0
37.7,236,1
22.8,51,0
23.8,152,0
31.1,158,1
25.3,66,0
23.9,37,0
23,396,0
24.1,37,0
29.2,188,1
51.8,45,1
26.5,95,0
20,100,0
30.1,226,1
25,93,0
21.4,29,0
20,252,0
26.5,246,1
19.7,37,0
30.8,150,0
28.8,61,0
44.9,117,1
29.8,38,0
28.4,169,1
25.9,133,0
33.9,85,1
25.7,152,0
41.8,212,1
25,112,0
25.1,21,0
24.8,209,0
27.5,89,0
24.4,105,0
31.2,148,1
32.5,16,0
27.4,108,0
22.8,28,0
24.3,154,0
26.6,46,0
25.1,102,0
36.3,53,1
24.8,365,1
40.8,105,1
25.5,125,1
24.9,83,0
31.7,118,1
56.9,48,1
22.5,39,0
29.3,97,0
33.8,95,1
37.6,107,1
26.9,33,0
39.6,200,1
25.4,70,0
30.5,83,0
48.7,100,1
23.5,197,0
26,129,0
28.1,62,0
31.5,75,0
24.4,101,0
27,124,0
43.3,86,1
26.3,433,1
20.1,90,0
30.1,222,1
23.4,88,0
29,178,1
32.9,242,1
44.2,115,1
40.7,156,1
23.7,168,0
39.9,194,1
35,161,1
21.2,147,0
21.9,37,0
24.3,66,0
19.9,125,0
53.9,277,1
30.4,113,1
24.3,74,0
30.5,143,1
39.4,135,1
27.8,92,0
26.7,248,1
31,118,1
23.7,52,0
25.4,290,1
31.5,197,1
20.3,65,0
36.2,177,1
30.2,230,1
27.1,106,0
37.2,220,1
39.2,425,1
20.9,41,0
33.1,153,1
30,80,0
29.4,68,0
26.2,122,0
30.4,191,1
33.5,87,1
35.1,191,1
41.2,28,1
32.8,90,1
28.1,104,0
23.6,41,0
27,183,1
27.5,111,0
21.5,65,0
28,41,0
26.7,139,1
30.4,105,1
34.6,207,1
41.4,51,1
27.1,57,0
23.9,32,0
25.1,117,0
36.6,67,1
32.4,105,0
45.4,141,1
26.1,380,1
30.5,79,1
29.4,138,1
26.3,248,0
23.4,95,0
29.4,260,1
31.8,71,1
37.2,199,1
20.1,49,0
31.9,64,1
27.5,90,0
40.5,170,1
25,114,0
45.5,65,1
30.4,91,1
24,45,0
20.2,75,0
27.6,93,0
36.9,114,1
43.7,170,1
24.7,190,1
25.9,87,0
26.4,38,0
22,159,0
38.6,149,1
30.8,85,1
26.7,110,0
21.5,36,0
25.7,43,0
32.3,84,1
31.4,77,1
30.6,169,1
31,86,1
31.6,116,1
43.4,274,1
41.3,95,1
27.1,78,0
31.9,51,0
29.5,41,0
28.7,150,1
33.5,74,1
25.4,150,0
27,127,0
34.3,156,1
21.1,65,0
29.4,132,1
17.6,81,0
35.1,41,0
31.2,53,0
23.8,69,0
28.2,123,1
38,57,1
30.3,107,0
37.2,310,1
29.6,46,0
36.1,4233,1
42.9,73,1
47.6,46,1
26.6,99,0
25.6,329,1
17.5,43,0
25.8,97,0
29.6,66,0
28.9,74,0
15.4,100,0
24.5,89,0
29.6,109,1
33.3,58,1
22.3,92,0
45.3,43,1
23.4,31,0
22,48,0
27.9,131,1
36.9,46,1
28.6,68,0
36.6,92,1
30.6,96,0
33.1,86,1
25.7,68,0
21.1,66,0
25.4,96,0
22.3,121,0
26.1,44,0
26.5,60,0
35.8,156,1
21.5,80,0
17.2,87,0
33.5,152,1
29.3,125,0
33,82,1
29.3,59,0
30.4,55,0
22.1,29,0
25.9,76,0
38.3,200,1
27.5,62,0
58.7,65,1
28.7,68,1
25.8,401,1
22.7,42,0
24.3,104,0
25.1,141,0
24.9,81,0
28.3,108,1
33.6,148,1
26.6,117,0
26.6,85,0
24.4,89,0
44.9,50,1
27.2,34,0
28.2,59,0
26.3,56,0
26,24,0
26.8,87,0
58.4,65,1
26.7,93,0
29.8,55,0
38.8,252,1
42.4,48,1
21.7,187,0
31.5,194,1
22.5,57,0
22.9,88,0
31.1,95,1
29.6,236,1
35.7,144,1
30.3,64,0
25.3,54,0
25.8,143,0
31.3,167,1
27.8,243,1
24.2,45,0
22.1,116,0
28.2,71,0
22.7,44,0
27.3,44,0
21.9,77,0
21.4,285,0
26.4,137,0
39.3,92,1
30.8,74,0
28.7,76,0
26.6,239,1
25,207,0
23.6,105,0
22.1,89,0
34.1,150,1
29.9,192,0
18.6,83,0
22.3,75,0
26,104,0
28.3,232,1
23.9,104,0
31.7,154,1
20.6,59,0
24.3,148,0
60.9,98,1
20.2,62,0
23.5,68,0
25.2,98,0
27.3,55,0
31.4,341,1
30.4,171,1
28.7,198,1
23.7,51,0
26.3,64,0
33.6,122,1
21.3,75,0
23.9,51,0
39.6,103,1
26.3,128,0
21.9,110,0
26.4,82,0
31.7,68,1
30.8,90,1
22.5,63,0
32.1,99,1
35,61,1
21.7,102,0
21.9,126,0
27,46,0
41,71,1
23.5,57,0
25.5,113,0
30.5,141,1
29.3,156,1
23,44,0
22.9,104,0
21,90,0
22.6,489,1
30.1,41,0
32.2,290,1
21.1,53,0
28.9,107,0
21.4,68,0
27.7,107,0
28.6,54,0
21.8,30,0
27.4,51,0
22.6,54,0
28,304,1
29.8,130,1
29.8,188,1
21.7,125,0
23.2,76,0
27,63,0
32.8,33,0
21.1,64,0
30.7,202,1
32.5,207,1
33.6,95,1
22.4,248,0
23.2,51,0
27.7,129,0
26.9,73,0
24,78,0
22.4,62,0
22.8,81,0
24.5,78,0
29.2,91,0
37.4,50,1
26.9,108,0
28.8,127,1
19.3,56,0
23.8,89,0
27.8,232,1
25.4,304,0
36.1,100,1
26,112,1
38.6,97,1
31.1,606,1
25.1,87,0
23.4,38,0
22.7,120,0
25.4,39,0
22.6,86,0
22.9,54,0
24.7,68,0
36.5,52,1
54.2,102,1
37.3,98,1
28.1,208,1
35.6,82,0
18.5,18,0
37.2,154,1
23.9,264,0
26.7,89,0
28.1,68,0
31.4,84,1
29.4,49,0
19.7,108,0
33.2,146,1
22.7,50,0
30.7,48,0
20.9,73,0
43.2,64,1
24.2,87,0
30.2,42,0
23.7,47,0
23.5,137,0
27,26,0
33.2,92,1
26.2,89,0
31.9,157,1
22.1,58,0
30.8,543,1
26.6,61,0
22.2,110,0
26.7,80,0
24.9,88,0
34.5,59,1
32.2,100,1
27.9,103,0
49.9,87,1
28.2,274,1
20.6,56,0
29.8,139,1
22,36,0
36.1,99,1
24,89,0
51.9,113,1
41.7,269,1
33.2,88,1
26.4,107,0
30.7,96,1
16.8,23,0
29.3,80,0
23.7,68,0
27.5,101,1
38.5,127,1
29.6,236,1
19.3,49,0
32.3,53,1
26.2,62,0
24.9,55,0
20.6,115,0
30.2,231,1
30.2,76,0
21.8,139,0
26.6,57,0
19,65,0
33.5,68,1
40.4,70,1
26.4,302,0
44.9,149,1
41.3,152,1
21.9,80,0
19.9,51,0
27.5,102,0
23.4,44,0
28.1,70,0
27,52,0
23.5,92,0
27.4,113,0
30.7,151,1
24.4,111,0
20.9,62,0
23.8,85,0
35,28,0
28.6,129,0
26.2,43,0
23.6,95,0
30.2,143,1
24.2,90,0
30.7,426,1
26.1,100,0
35.3,55,1
21.2,112,0
35.5,272,1
26.8,55,0
27.4,257,1
27.3,74,0
22.5,62,0
29,85,1
34.2,115,1
32.6,81,0
22.3,105,0
31.8,43,0
20.1,26,0
21.4,97,0
24.2,91,0
32.9,67,0
31.7,541,1
28.3,54,0
33.8,81,1
29.1,240,1
29,181,1
29.3,46,0
28.4,100,0
27.1,115,0
24,269,1
29.3,54,0
26.3,84,0
36.5,122,1
29.4,91,1
18.8,141,0
33.7,176,1
27.2,102,0
42.4,98,1
20.5,56,0
26.3,96,0
33.7,100,0
34.7,255,1
19.9,62,0
18.9,121,0
36,136,1
29.2,153,0
28.3,175,0
27.1,125,0
31.1,102,1
27.8,158,0
32.8,92,1
24.1,90,0
27.7,50,0
26.2,171,0
46.4,112,1
23.4,88,0
27.4,334,1
46.4,162,1
34.1,155,1
20.2,60,0
25.8,160,0
21.7,61,0
24.4,134,0
22.3,42,0
25.2,70,0
30.4,162,1
24.4,53,0
24,218,0
24.7,69,0
23.2,62,0
51.1,48,1
33.7,71,0
31.7,67,1
52.2,156,1
27.3,204,0
25,135,0
26.8,62,0
27,168,0
28.9,51,0
24.2,86,0
35.3,80,1
27.7,216,1
25.4,68,0
20.3,82,0
47.1,179,1
21.2,47,0
25.1,91,0
25.4,86,0
21,58,0
37.9,134,1
24.9,76,0
32.6,138,1
28.3,92,0
24.8,124,0
24.1,337,1
25.1,83,0
28,183,0
21.9,86,0
24,42,0
26.2,126,0
43.5,78,1
29.2,55,0
17.6,44,0
38.4,154,1
27,301,1
25.7,99,0
26.9,63,0
37.4,415,1
33.6,119,1
38.5,264,1
27.7,60,0
26.2,124,0
20.2,46,0
28.5,69,0
36.5,94,1
26.5,56,0
22.9,37,0
26.3,164,0
25.9,1184,1
30.1,92,1
27.7,63,0
27.4,123,0
34.8,118,1
27.8,40,0
30.4,94,1
28.1,187,0
23.4,57,0
40.8,118,1
19.8,53,0
26.4,206,0
25.8,156,0
25.9,141,0
27.3,103,0
22.7,41,0
25.4,203,0
25.3,67,0
30.4,200,1
23.9,56,0
47.2,144,1
24.5,70,0
26.5,62,0
31.3,70,0
20.3,78,0
25.7,282,1
20.8,44,0
31.4,128,1
24.4,58,0
37.5,156,1
35.4,101,1
30.5,93,1
29,100,1
29.1,90,0
44.6,561,1
20.4,32,0
25.6,68,0
19.9,56,0
51.4,54,1
32.5,87,1
28.3,251,1
19.3,186,0
23.8,271,0
21.8,49,0
28,73,0
32.8,152,1
29.5,137,1
28.5,217,1
25.2,150,0
34.4,33,1
25.4,60,0
41.9,133,1
35.1,73,1
27.8,74,0
21.3,99,0
22.5,271,0
31.3,150,1
29.5,174,1
27.5,222,1
37.3,257,1
20.3,109,0
30.5,128,1
23.7,82,0
30.2,111,0
27.4,54,0
27.9,120,0
19,59,0
26.9,50,0
20.1,48,0
27.7,64,0
28.5,107,1
22.7,85,0
22,68,0
41,95,1
27.3,102,0
40.5,99,1
18.6,101,0
35.3,120,1
24.7,167,0
29.4,67,0
30.4,120,0
42.1,235,1
30.1,163,1
33.6,34,0
28.3,74,0
28.7,34,0
30.8,191,1
42.8,55,1
24.8,278,1
20.4,56,0
27.9,173,1
31.8,151,1
21.2,221,0
22,87,0
23.7,86,0
46.7,159,1
23.5,61,0
27.6,81,0
33.4,167,1
23.3,173,0
23.7,89,0
47.5,57,1
23.7,35,0
32.6,94,1
25,101,0
32.4,111,0
26.2,150,1
24.3,65,0
35.8,91,1
32.2,86,0
27.5,255,1
25.1,82,0
22.2,50,0
22.9,134,0
31.1,160,1
27.2,60,0
32.8,78,1
28.8,63,0
20.2,61,0
35.5,759,1
36.8,96,1
26.1,44,0
21.3,75,0
27.5,113,0
25.9,137,0
21.9,89,0
20.7,76,0
42.1,54,1
24.9,99,0
23.3,57,0
31.4,97,1
24.1,125,0
24.6,130,0
16.6,30,0
23.3,74,0
22.9,32,0
25.3,100,0
52,108,1
32.9,138,1
25.7,69,0
32.2,144,1
31,182,1
24.9,122,0
27.3,68,0
49,119,1
30.3,88,0
38,1002,1
28.3,42,0
31.1,95,0
67.5,203,1
25.3,54,0
17.7,38,0
29.2,86,0
21.7,39,0
27.9,68,0
33.6,88,1
36.1,195,1
32.3,122,1
27.6,65,0
30.2,91,1
26.8,59,0
23.9,59,0
21.4,77,0
31.1,153,1
26.4,122,0
27.6,59,0
32.7,82,1
29.3,43,0
32.5,398,1
39.5,50,1
17.6,67,0
20.6,47,0
30.7,103,1
22.8,31,0
31.5,369,1
22.6,122,0
26.2,258,1
24.7,149,0
22.8,55,0
20.8,193,0
25.5,82,0
45.5,84,1
43.4,61,1
25.9,86,1
28.9,104,0
20.4,49,0
37.5,90,1
23.7,50,0
21.5,94,0
30,77,0
20,31,0
27.6,108,0
30.3,146,1
29.9,278,1
34.9,203,1
27.7,115,0
28.7,223,1
33.7,293,1
31.9,126,1
33,168,1
33.1,158,1
22,141,0
21.6,52,0
26.2,126,0
28.5,406,1
33.1,155,1
40.5,66,1
20.2,90,0
37.3,69,1
22.4,77,0
30.5,30,0
39.4,55,1
24.3,91,0
24.2,49,0
38.6,126,1
56.3,74,1
40.5,112,1
23.2,91,0
18.7,46,0
30.3,98,1
33.1,265,1
29,1637,1
32.1,57,0
23.6,170,0
27.2,217,1
18.1,37,0
53,214,1
18.2,99,0
21.6,94,0
43.2,191,1
56.9,76,1
19.4,57,0
22.5,82,0
28.4,80,0
50.7,227,1
50.8,242,1
24,33,0
21,99,0
27.3,125,0
23.9,101,0
36.8,260,1
26.2,234,0
27.2,84,0
25.8,103,0
21.4,104,0
29.2,146,1
18.6,55,0
21.1,171,0
31.7,98,1
36.6,62,1
23.4,41,0
32.8,248,1
28,44,0
29.1,433,1
31.3,271,1
23.2,97,0
19.1,41,0
19,42,0
24.4,66,0
22,88,0
29.3,40,0
25.8,148,1
21.1,116,0
31.9,116,1
48.4,85,1
20.7,57,0
20.2,27,0
51.3,184,1
28.6,149,1
27.3,78,0
26.1,84,0
16.2,70,0
31.7,178,1
27.3,56,0
23.6,113,0
29.4,57,0
19.8,52,0
45.8,116,1
24,224,0
30.7,64,0
19.1,70,0
28,118,1
24.1,142,0
22.8,61,0
36.9,116,1
17.7,63,0
17.7,224,0
24.9,65,0
21.8,170,1
30.7,85,1
22.8,53,0
32,215,1
27.9,188,0
21.7,152,0
30.4,113,1
26.6,157,0
23.9,110,0
30.7,47,0
28.6,115,0
26,178,0
31.3,91,1
24,174,0
18.1,96,0
24.5,29,0
24.3,80,0
27.2,51,0
30.2,173,1
24.2,61,0
31,59,0
16.2,168,0
22.9,94,0
28.1,48,0
20.9,85,0
32.1,74,1
28.1,38,0
22.4,54,0
39.2,140,1
30.1,71,0
34,83,1
23.7,108,0
25.9,25,0
24.6,121,0
30.3,52,0
42.1,87,1
24.6,70,0
34.3,88,1
42.9,140,1
27.4,26,0
22.7,311,0
26.4,97,0
28.8,72,1
20.7,67,0
30.7,211,1
40.5,116,1
28.8,125,1
39.4,124,1
22.9,95,0
26.4,45,0
18.6,155,0
23.3,171,0
21.5,45,0
32.4,111,1
27.7,136,1
25.5,63,0
22.7,54,0
22.7,292,0
32.5,110,1
19.2,79,0
29.6,100,0
32.7,170,1
16.9,123,0
28.8,110,0
23.9,87,0
21.3,136,0
16.8,41,0
21.4,35,0
24.2,40,0
22.7,50,0
27.8,119,0
18.3,31,0
24.2,114,0
21.4,65,0
27.3,109,0
38.3,182,1
23,56,0
34.9,42,1
27.9,67,0
30.6,182,1
25.7,82,0
25.5,81,0
25.6,135,0
36.9,146,1
21.9,80,0
20.6,91,0
33.7,101,1
25.5,39,0
50,82,1
27.1,93,0
25.7,93,0
34.5,83,1
16.7,58,0
24.8,87,0
30,136,1
30.1,139,1
19.9,195,0
27.6,85,0
36.5,322,1
28.8,93,0
25.1,122,0
35.2,125,1
23.7,86,0
22.8,39,0
24.1,100,0
38.9,99,1
28.3,81,0
22.3,80,0
38.2,149,1
32.8,71,1
29.4,94,0
31.3,168,1
21,100,0
21.6,91,0
28.6,102,0
25.1,32,0
25.1,90,0
23,246,0
25.3,85,0
19.7,66,0
27,70,0
40,75,1
30,144,1
23,167,0
27.5,175,1
23.9,313,0
19.9,160,0
25.8,127,0
28.4,121,1
26.9,411,1
27.1,86,0
35.1,84,1
22.7,151,0
29.6,123,1
36.1,142,1
31.3,51,0
26.5,51,0
21.1,76,0
30.1,254,1
22.6,78,0
44,120,1
29.8,83,0
24.6,85,0
37.3,239,1
21.9,101,0
26.6,118,0
24.5,109,0
30.5,125,1
23.8,107,0
24.9,186,0
34.7,151,1
29.4,85,1
26.7,93,0
34.3,249,1
24.6,161,0
28.5,70,0
26,149,0
29.7,282,1
48,110,1
24.2,111,0
27.4,99,0
21.7,43,0
20.5,107,0
48.1,143,1
32.7,218,1
25.9,153,1
26.8,54,0
18.3,77,0
30,89,0
19.1,40,0
25.3,346,1
20.8,236,0
27.9,181,1
22.5,111,0
49.4,113,1
33.5,126,1
30,193,1
27.4,71,0
33.1,103,1
24.5,81,0
30.8,147,1
28.8,269,1
20.3,47,0
28.6,46,0
28,68,0
24.1,52,0
43.7,154,1
28.8,96,1
35.4,137,1
25.3,201,0
30.2,193,1
25,86,0
34,59,1
33.5,127,1
34,155,1
24.4,288,1
23.7,62,0
26.2,15,0
26.9,78,0
18.6,118,0
28.5,139,0
27,57,0
22.2,42,0
29.7,275,1
27.2,101,0
42.6,204,1
28.2,76,0
28,107,0
23.1,103,0
20.8,51,0
27.6,40,0
35.3,65,1
27.4,89,0
41.6,85,1
40.7,118,1
31.1,144,1
30.2,275,1
20.1,133,0
21.8,88,0
27.2,90,0
23.1,56,0
38.8,53,1
19.7,46,0
23.5,111,0
30.7,40,0
25,446,0
42.5,78,1
24.7,85,0
37.8,50,1
30.7,42,0
21.6,26,0
35.2,253,1
35.6,115,1
24.4,113,0
26.9,87,0
17.2,29,0
25.9,126,0
25.9,42,0
22.7,54,0
29.4,87,0
20.8,76,0
18.5,37,0
30.5,173,1
33,81,1
43.2,118,1
33.1,92,1
27.5,90,0
21.4,55,0
28.5,159,0
20.3,144,0
25.1,257,1
26.8,101,1
33.6,81,0
24.8,90,0
28.2,153,1
19.3,96,0
22.1,109,0
32.5,43,1
20.8,126,0
23.1,39,0
33.9,195,1
29.4,54,0
32.3,124,0
31.9,147,1
22.6,41,0
23.3,25,0
22.6,86,0
27.3,75,0
34.6,97,1
27.3,186,1
36.1,105,1
23.6,81,0
27.2,95,1
26.6,150,0
30.4,212,1
29.4,51,0
20.3,64,0
20.5,102,0
19.5,62,0
19.4,124,0
32.8,135,1
28.9,73,0
33.4,58,1
31.1,79,1
26.1,44,0
42.4,100,1
49,150,1
29.4,100,1
30.4,122,1
31.6,57,1
23.5,64,0
35.4,286,1
28.3,119,0
37.7,157,1
37.5,47,1
23.6,196,1
48.9,146,1
25,99,0
32.5,61,1
28.2,33,0
26.9,31,0
22.2,30,0
19.9,51,0
27.7,101,0
22.1,76,0
22.1,28,0
32.6,93,1
25.6,62,0
24,90,0
35,300,1
26.8,49,0
33.4,136,1
28.7,93,0
29.8,177,1
27.8,42,0
28.7,279,1
19.3,77,0
29.9,102,0
28.8,103,1
29.1,68,0
33.7,86,1
26.7,52,1
33,244,1
24.4,47,0
28.8,50,0
27.3,195,1
42.5,109,1
21.8,53,0
16.6,39,0
38.7,43,1
27.2,151,1
21.8,63,0
39.5,136,1
19.1,94,0
28.4,112,0
25.2,110,0
33.5,168,1
25.2,171,0
25.4,106,0
27.6,54,0
30.4,41,0
33.8,402,1
28.2,95,0
24.6,93,0
25,98,0
27.4,226,1
24.3,169,0
29.6,83,0
36.6,58,1
19.2,32,0
29.5,351,1
30.5,89,0
34.1,414,1
23.1,75,0
26.5,70,0
34.1,62,1
24.8,77,0
30.4,62,0
30.8,56,0
27.5,32,0
30,68,1
29,137,1
30.8,31,0
26.3,80,0
46.3,96,1
17.9,40,0
38.8,107,1
34.7,93,1
40.9,56,1
37.6,137,1
36.7,92,1
39.7,37,1
24.1,156,0
32,112,1
31.1,178,1
44.4,164,1
26.7,63,0
41.3,140,1
31.2,192,1
33.3,59,0
26.8,134,0
29.9,38,0
37.2,162,1
29,123,0
26.2,103,0
27.5,284,1
19.9,124,0
22,112,0
23,54,0
48.2,136,1
48.1,48,1
20.4,60,0
21.5,146,0
22.7,55,0
21.4,128,0
23.4,102,0
38.4,78,1
25.4,36,0
28.4,127,0
22.5,61,0
25.9,65,0
42.1,156,1
22.9,51,0
22.6,33,0
17.7,52,0
30.9,91,1
24.2,143,1
37.2,92,1
34.7,138,1
24.5,110,0
32.5,129,0
32.3,57,1
31.9,55,1
31.1,21,0
22.3,115,0
28.5,63,0
25,132,1
27.2,63,0
29.3,79,0
25.5,169,0
34.6,130,1
24.6,115,0
23.4,27,0
21.7,59,0
29.6,104,0
28.9,52,0
29.4,52,0
25.6,117,0
30.3,57,0
39.2,71,1
22.8,67,0
25.3,93,0
23.2,61,0
33,169,1
22.2,77,0
18.4,74,0
26.5,82,0
34.3,118,1
20.9,103,0
30.1,200,1
23,45,0
31,58,0
37.2,32,1
31.2,146,1
27.9,121,0
36.7,51,1
23.6,130,0
29.4,81,1
23.2,92,0
25.9,159,1
37.3,101,1
32.4,190,1
21.6,93,0
26.4,73,0
36.7,45,1
37.7,61,1
43,101,1
23.8,128,0
22.7,40,0
24.5,126,0
29.1,258,1
25.3,72,0
39,87,1
29.1,84,1
22.7,73,0
33.3,94,1
34.3,96,1
30.5,283,1
21.8,44,0
34.1,74,1
31.8,150,1
26.8,301,1
22.5,47,0
30.6,144,1
21.7,37,0
41.3,42,1
28.5,95,0
27.2,91,0
20.6,38,0
25.1,109,0
29.8,93,0
38.5,307,1
34.4,58,0
26.5,89,0
20.4,36,0
27,98,0
24.3,75,0
35.1,96,1
29.8,74,0
32.2,135,1
20.8,47,0
39,115,1
22.1,63,0
19.9,74,0
36.2,78,1
23.5,73,0
45.6,55,1
26.5,127,1
25.1,118,0
27.8,106,0
31.2,99,1
27.3,132,0
33.8,135,1
28.5,98,0
22.2,56,0
25.8,153,1
27.5,49,0
22.7,51,0
32,87,1
33.8,61,1
27.7,220,1
26.3,43,0
30.1,110,0
29.4,89,0
20.7,32,0
22.5,165,0
25.6,119,0
21.9,38,0
29,114,1
30.6,154,1
25.9,126,0
23.7,79,0
21.4,67,0
32.2,162,1
20.8,117,0
28.3,51,0
36.8,147,1
26.1,25,0
24.2,196,0
36.8,137,1
25,186,0
28.3,230,1
31.7,87,1
27,166,0
25.1,116,0
22.9,70,0
27.4,127,0
39.6,184,1
29,55,0
35.9,88,1
27,55,0
23.5,170,0
24.9,38,0
24.6,32,0
22.4,20,0
29.4,119,1
29.2,40,0
31.8,92,0
33,144,1
40.2,165,1
26.9,72,0
25.7,324,1
23.2,90,0
36.6,104,1
33.7,73,1
45.6,66,1
35.7,97,1
27.5,68,0
23.4,276,0
38.2,69,1
52.8,41,1
27.2,112,1
19.4,35,0
28,104,0
33.6,84,1
41.2,151,1
20.5,43,0
24,100,0
27.1,110,0
45.1,78,1
22.6,95,0
24.6,137,0
27.1,88,0
31,221,1
21.7,90,0
28,104,1
30.7,208,1
34.8,57,1
26.8,114,0
35.9,262,1
25.4,67,0
21,68,0
31.8,105,1
45.6,416,1
43.5,45,1
41.9,269,1
27.7,70,0
38.8,91,1
25.2,293,1
22.7,85,0
46.9,110,1
45.5,213,1
23.9,79,0
30.5,151,1
26.9,28,0
31.1,105,1
30.3,50,0
27.3,90,0
24.1,103,0
37.7,284,1
22.6,81,0
57.4,164,1
25.3,67,0
29.7,196,1
24,55,0
19.8,76,0
41.1,107,1
37.6,90,1
28,52,0
23.7,65,0
35.6,249,1
31.5,143,1
24.9,76,0
23.5,40,0
21.9,87,0
28.7,30,0
44.4,88,1
25.7,219,0
24.8,61,0
34.9,217,1
32.1,41,0
27.3,152,1
32.1,85,1
19.6,95,0
29,54,0
22.5,75,0
21.1,162,0
22.8,172,0
36.9,108,1
38,242,1
26.9,37,0
40.8,48,1
50.7,138,1
29.1,90,0
33,94,1
24.6,69,0
24.5,354,1
17.4,51,0
28.7,60,0
36.7,78,0
34.1,143,1
32.4,61,1
25.2,72,0
31.4,123,1
27.7,219,1
29.5,53,0
25.8,84,1
28.8,80,0
28.4,105,0
30.6,339,1
24.3,60,0
29.9,263,1
34.9,139,1
33.8,88,1
35.4,134,1
22.5,141,0
28.3,93,0
24.6,48,0
18.5,41,0
23.3,39,0
31.7,176,1
23.8,144,0
30.7,44,0
25.4,80,0
26.1,234,1
36.7,306,1
26.1,215,1
24.6,95,0
23.9,38,0
49.8,34,1
34.8,116,1
26.6,86,0
42.8,182,1
22.1,99,0
16.5,91,0
27.5,152,0
28.9,174,1
27.5,114,0
34.6,76,1
33.1,133,1
36.2,147,1
25.1,93,0
30.1,59,0
24.9,186,0
39.9,147,1
20.3,154,0
42.7,126,1
21.6,18,0
29.3,221,1
22.1,89,0
19.9,36,0
19.3,35,0
32.9,332,1
17.9,94,0
37.5,78,1
20.3,55,0
42.4,231,1
26.6,246,1
22.9,83,0
26.9,121,0
30.4,319,1
26.4,145,0
22.4,156,0
19.2,95,0
36.6,114,1
33.6,145,1
20.2,40,0
29.6,52,0
25.3,819,1
25.1,159,0
38.3,190,1
23.5,75,0
26.9,331,1
28.7,96,1
28.6,45,0
31.1,25,0
20.4,110,0
26.7,27,0
32.2,167,1
40.6,174,1
29.8,137,1
29,91,0
25.3,75,0
33.5,172,1
21.1,72,0
25,66,0
20.3,102,0
29.1,189,1
26,78,0
29.1,110,0
23.8,24,0
31.7,96,1
20.9,67,0
38.9,78,1
26.5,183,0
31.8,149,1
25.4,88,0
29,36,0
29.1,112,1
32.7,152,1
29.8,128,1
37.7,75,1
36.5,412,1
26.1,101,0
31.1,69,1
26.6,211,1
24.5,71,0
38.3,70,1
25.4,95,0
33.9,47,1
20.8,52,0
26.2,137,0
37.3,36,0
28.5,74,0
40.6,126,1
21.2,108,0
41.7,104,1
30.8,120,1
37.2,100,1
39.5,72,1
16.9,76,0
30.5,104,1
27.6,212,1
29.2,227,1
37,64,1
22.5,39,0
28.9,109,0
25.8,42,0
24.1,61,0
31.1,150,1
37.4,34,0
25.6,108,0
37.3,117,1
27.7,115,0
23.2,98,0
20.5,79,0
26.6,843,1
27.8,189,1
21.9,52,0
33.7,123,1
36.1,131,1
26.6,84,0
30.1,199,1
23.8,72,0
41.2,57,1
36,196,1
34.3,222,1
25.4,89,0
29.1,152,1
35.1,45,1
23.8,39,0
23.7,75,0
20.3,84,0
26.8,52,0
23.9,136,0
49.1,65,1
27.2,71,1
21.2,28,0
29.9,194,1
32.7,122,1
44.1,130,1
25.9,67,0
21.7,140,0
28.2,275,1
25.3,113,0
31.8,285,1
24.3,93,0
29.9,59,1
28,55,0
29.7,83,0
27.5,68,0
39.4,60,1
39.6,78,1
42.5,99,1
18.2,72,0
30.2,75,0
36.5,60,1
23.9,58,0
28.1,354,1
35.6,100,1
27.8,67,0
32,52,0
34.4,55,1
23.4,110,0
19.8,43,0
23.1,58,0
58.8,80,1
28.8,156,1
32.3,64,1
27.9,88,0
45.9,117,1
22,37,0
26.1,34,0
37,128,1
36.9,334,1
23.6,30,0
28.4,85,0
27.9,82,0
28.5,86,0
35.9,80,1
21.9,40,0
25.9,290,1
28.5,54,0
29.9,72,0
24.5,57,0
35.7,178,1
32,79,1
31.1,77,1
22,94,0
29.2,84,0
30.2,108,1
31.6,191,1
21.4,22,0
45,169,1
38.3,117,1
57.6,105,1
33.9,41,0
20.7,198,0
32.2,23,0
27.6,108,0
27.9,123,1
31.2,96,1
31.7,138,1
38.4,64,1
28.7,107,0
29.1,384,1
43.3,132,1
31.4,78,0
27.7,114,0
25.4,39,0
20.5,95,0
17.2,78,0
26.8,200,1
31.6,106,1
22.1,131,0
37.2,151,1
46.1,86,1
24.7,39,0
33.2,135,1
26.6,106,0
22.7,63,0
20.5,98,0
35.3,213,1
28.1,45,0
36,98,1
24.9,82,0
23.5,126,0
37.4,33,1
31.5,102,0
25.6,99,0
30.4,60,1
23.5,124,0
22.6,101,0
22.5,263,0
35.1,372,1
28.7,104,0
34.4,135,1
40.4,124,1
28.7,108,0
26.7,37,0
24,63,1
28.7,351,1
25.3,60,0
29.9,140,0
27.9,91,0
24.6,51,0
27.6,110,0
30.2,189,1
25.4,224,0
22.8,46,0
36,66,1
26.5,268,0
31.6,83,1
37,101,1
29.9,82,0
19.6,43,0
27.6,106,0
30.3,71,1
35.8,120,1
28.2,53,0
27.6,77,0
24.4,69,0
27.5,166,1
26.4,82,1
29.2,84,0
21.3,46,0
24.2,54,0
23.9,138,0
31.2,162,1
37.3,100,1
31.8,144,1
24.3,27,0
28.6,56,0
23.1,299,0
20.9,89,0
33.3,125,1
32.3,368,1
23.5,54,0
21.3,93,0
28.9,39,0
18.5,30,0
21.9,34,0
32.1,87,1
31.4,109,1
39.4,247,1
40.5,148,1
29.2,82,0
41.1,196,1
18.6,57,0
27.5,100,0
46,120,1
26.8,165,1
19.9,75,0
22.6,71,0
29.3,105,1
38.7,139,1
36,176,1
34,115,1
31.4,193,1
48.3,54,1
25.7,162,0
32.1,98,1
31.1,176,1
22.6,154,0
28.8,83,1
28.6,110,1
36,171,1
19.3,38,0
25.5,178,1
24,94,0
35.1,184,1
28.1,395,1
29.3,91,0
31.3,141,1
26.1,110,0
25.2,120,0
25.9,259,1
32.2,62,0
36.7,156,1
43.5,123,1
24.3,51,0
26.4,78,0
21.3,66,0
29.6,44,0
39.4,161,1
33.1,2141,1
37.6,207,1
28.9,91,0
27.9,51,0
29.2,61,0
26.9,69,0
25.9,175,1
27.9,103,0
38.4,94,1
29.2,401,1
24.3,52,0
24,295,1
34.5,67,1
26.8,142,0
38.1,107,1
36,136,1
24.8,73,0
22.2,85,0
22.9,120,0
21.6,54,0
25,136,0
19.8,62,0
35.7,199,1
24.2,65,0
22.4,128,0
23.6,68,0
30.9,32,0
40.6,81,1
26.1,64,0
32.5,204,1
23.1,61,0
28.1,90,0
30.5,67,0
29.4,28,0
34.9,57,1
25.2,103,0
26.3,107,0
31.6,219,1
33,165,1
30.5,96,0
40.1,190,1
22.7,73,0
22.7,60,0
23.3,62,0
28.4,76,1
23.5,123,0
22.9,82,0
39.6,155,1
23.9,84,0
26.3,99,0
34,47,1
38.8,233,1
36.4,62,1
27.2,44,0
29.5,119,0
27.4,76,0
33.6,68,1
26.4,119,0
28.9,44,0
28.7,39,0
24.4,65,0
21.7,35,0
18.1,72,0
34.4,95,1
21.4,27,0
24.1,108,0
32,133,1
27.6,105,0
23.1,35,0
32.2,76,1
25.7,151,0
30.9,127,1
29.8,84,0
26.5,79,0
24.9,46,0
28.1,159,1
26.5,111,1
32.6,357,1
27.1,185,0
27.7,79,1
22.6,61,0
27.7,52,0
24.7,173,0
21.3,64,0
20.8,22,0
36.2,105,1
23.7,115,0
16.6,72,0
38.7,33,1
28.2,79,0
26.8,88,0
41.3,85,1
34.1,109,1
22.8,55,0
22.8,55,0
24.5,103,0
17.9,154,0
20.2,75,0
23.7,58,0
18,74,0
39,110,1
20.5,78,0
21.2,61,0
26.4,111,0
26.8,57,0
36.3,201,1
19.8,50,0
22.9,204,0
29.5,156,1
24,44,0
23.4,41,0
24.9,33,0
30.8,160,1
40.6,113,1
43.2,111,1
28.5,74,0
22,44,0
26.9,72,0
37,61,1
28.8,54,0
38,82,1
33.3,168,1
26.2,30,0
22,36,0
32,163,1
29,89,1
24.5,45,0
29.8,123,1
23.7,83,0
37.7,110,1
27.5,125,1
25.1,80,0
29.6,105,0
18.8,93,0
21.7,76,0
31,58,0
28.1,75,0
23,205,0
20.5,65,0
34.2,96,1
28.7,143,1
33.2,64,1
49.5,109,1
19.9,63,0
24,81,0
45.9,99,1
30.9,89,0
35.7,241,1
19.7,66,0
21.7,77,0
31.3,111,1
23.3,62,0
36.2,79,1
29,133,1
32.1,83,1
27,49,0
42.7,216,1
22.1,40,0
30.8,79,0
32.3,93,0
30.4,63,0
34.3,63,1
26.6,37,0
27.4,45,0
27.1,119,0
27.8,74,0
22.9,41,0
40.4,83,1
18.5,90,0
53.3,27,1
21.1,82,0
49,64,1
29,342,1
30.9,74,1
48.8,123,1
35.9,157,1
21.4,38,0
31.7,84,1
28,148,1
26,88,0
39.2,65,1
34.7,94,1
39.3,135,1
31.4,29,0
37.1,146,1
33.5,112,1
23.2,25,0
34.6,88,1
36.9,336,1
22.7,34,0
27.1,104,0
17.1,40,0
38.2,153,1
18.5,76,0
27.8,92,1
20,26,0
20.9,75,0
19.6,65,0
38.1,75,1
20.3,52,0
26.5,50,0
32,64,0
32.9,98,1
52.8,101,1
31.4,65,0
24.4,49,0
38.6,45,1
31.4,81,1
27.6,121,1
30,131,1
44.3,142,1
27.7,164,1
35.3,51,0
26.8,143,0
28.6,82,0
26.2,56,0
26.2,54,0
30.5,154,1
27.4,103,0
39.3,238,1
26.9,154,1
24.3,126,0
41.8,70,1
28.4,66,0
28.8,142,1
31.4,124,1
34.1,69,1
42.6,121,1
36.3,97,1
29.4,148,1
34,285,1
27.3,147,0
24.3,49,0
17.7,45,0
19.7,64,0
18.3,85,0
28,129,0
29.9,120,0
23.8,38,0
20,58,0
27.3,102,0
29.9,101,1
31.4,88,1
28.8,104,0
17.8,39,0
28.3,98,0
25.4,83,0
33.2,126,1
19.9,85,0
29.3,347,1
35.9,133,1
25.9,174,0
31.2,108,1
30.4,274,1
21.8,63,0
27.6,631,1
29.7,41,0
42.4,206,1
29.3,100,1
34.7,47,0
29.2,200,1
33.1,48,1
26,87,0
27.6,64,0
33.8,115,1
26.7,47,0
27.5,93,0
24.1,61,0
27.7,141,0
28.3,98,1
26.8,88,0
21.7,41,0
22.2,71,0
30,135,1
30.4,99,1
23.9,50,0
29.5,110,0
27.3,121,1
40.3,154,1
31.2,68,1
32.8,63,1
30.1,136,1
29.3,147,1
36.8,78,1
30.2,66,0
24.4,57,0
34.4,66,1
36.6,165,1
40.4,60,1
42.6,67,1
41,253,1
20.9,169,0
25.9,83,0
16.2,94,0
43.3,59,1
27.5,109,0
20.3,54,0
32.8,122,1
21.5,48,0
40.2,374,1
24.3,647,1
18.8,39,0
20.3,55,0
33.5,23,0
29.7,109,0
30.3,94,0
32,1761,1
35.7,74,1
20.6,70,0
25.7,59,0
27.8,93,0
49.4,150,1
31.8,150,1
29.5,80,0
30.2,48,0
20.4,30,0
39.2,78,1
29.6,55,0
21,104,0
31.4,155,1
34.1,277,1
34.5,349,1
30.1,128,0
32.4,32,0
25.8,157,1
27,86,0
29.6,134,1
28.4,54,0
22,49,0
31.3,35,0
33.9,119,1
30.2,123,0
32,221,1
31.7,65,1
27.7,97,0
20.3,126,0
26.8,69,0
33,118,1
22.5,32,0
38.8,58,1
19.6,49,0
36.9,58,1
24.3,60,0
23.9,127,0
29.7,230,1
34.5,128,1
37.2,65,1
26,169,0
21.1,104,0
19.7,30,0
29.2,101,0
40.6,160,1
23,82,0
17.6,62,0
40.1,96,1
29.4,87,1
24.3,106,0
31.4,81,1
34.2,164,1
25.3,57,0
20.2,30,0
31.1,139,1
32.1,60,0
39,84,1
38.6,46,1
33.2,256,1
36.1,113,1
27.9,176,0
18.4,79,0
23.7,223,0
36,203,1
23.5,59,0
28.7,226,1
36.6,88,1
25.6,315,1
45.6,90,1
23.3,73,0
29.4,56,0
16.7,90,0
34.8,67,1
40.8,104,1
26.4,111,0
23.9,72,0
32.2,110,1
27.5,127,0
24.4,48,0
27.7,46,0
23,58,0
26.5,50,0
17.1,49,0
25.7,79,0
29.5,76,0
24.3,56,0
23.8,42,0
27.5,251,1
33.5,85,1
23.5,123,0
22.6,155,0
27.4,31,0
28.6,36,0
28.4,205,1
28.9,91,0
25.3,122,0
23.7,105,0
36.3,232,1
25.3,172,0
33,120,1
31,210,1
29.4,54,0
33.1,150,1
35.4,49,1
26.4,180,0
30.3,99,1
26.2,254,0
26.2,57,0
18.3,51,0
29,123,1
30.6,217,1
30.7,58,0
25.1,130,1
31.8,93,1
31.9,167,1
27,245,1
21.8,97,0
31.6,100,1
31.8,315,1
29.5,259,1
31.2,84,0
23.5,50,0
22.2,50,0
19.8,58,0
26.2,104,1
33.7,74,1
23.6,109,0
56.6,172,1
35.1,174,1
31.2,154,1
23.1,37,0
21.8,154,0
29,99,1
48.2,46,1
34.1,147,1
28.8,49,0
27.9,69,0
36.7,83,1
24.9,132,0
28.7,128,1
25.5,82,0
33.9,106,1
35.5,249,1
33.8,127,1
32.8,110,1
50.8,159,1
29.7,155,1
35.3,33,0
41.7,174,1
44.4,72,1
35.4,155,1
20.4,31,0
30.6,34,0
28.2,288,1
42.5,104,1
57.2,97,1
24.1,115,0
38,117,1
29.9,127,1
26.3,63,0
22.5,42,0
20.9,61,0
28.2,65,0
39.3,92,1
26.9,179,0
29.5,207,1
29.3,206,1
26.1,38,0
23,37,0
31,117,0
35.7,228,1
23.5,76,0
34.2,81,1
29.8,80,0
46.8,73,1
33.2,133,1
48.9,68,1
21.1,233,0
24.5,170,0
32.4,75,1
33.4,66,1
27.5,165,1
37.7,112,1
30.2,175,1
40.9,145,1
35.3,248,1
29.3,71,0
31.3,181,1
32.6,55,1
25.4,323,1
29,185,1
35.5,137,1
25.2,57,0
25.9,78,0
21.4,49,0
25.8,154,0
26.2,28,0
40.5,50,1
28.4,55,0
26.7,152,1
39.3,124,1
36.3,69,1
21.8,98,0
25.8,93,0
37.2,93,1
24.5,164,0
27.7,179,0
25.9,223,0
19.9,44,0
37.5,133,1
34.2,109,1
29.5,78,1
23.7,102,0
24.8,72,0
22.1,52,0
29.1,236,1
28.5,54,0
30.7,122,1
19.2,87,0
33.8,117,1
33.1,101,1
25.5,242,1
29,72,0
28.7,125,0
34.7,48,0
25.1,199,0
29.4,112,0
34.7,129,1
26.3,80,0
33.7,74,1
28.4,68,0
35.6,224,1
21.7,64,0
24.8,186,0
19.6,80,0
26.5,82,0
27.5,83,0
35.3,111,1
36.3,68,1
35.9,96,1
26.8,105,0
41.6,220,1
36.4,101,1
61.7,110,1
22.9,49,0
19,45,0
23,91,0
22.6,35,0
28.7,49,0
30.1,108,1
23.3,60,0
26.7,319,1
25.2,56,0
29.3,124,0
28,63,0
22.8,34,0
33,89,1
35.3,108,1
34.4,54,0
34.4,72,1
25.2,43,0
30.4,134,1
33.7,103,1
23.9,79,0
29.3,126,1
23.1,109,0
26.1,64,0
22.1,66,0
21.6,99,0
33.6,97,1
37,271,1
30.2,44,0
30.1,127,0
44.3,297,1
37.1,206,1
28,57,0
47.2,120,1
24.9,136,0
42,171,1
24.2,86,0
21,149,0
37.4,122,1
34.6,137,1
25.8,55,0
34.6,238,1
32.3,188,1
23.5,41,0
27.2,56,0
36.4,34,1
23.3,141,0
29.2,74,0
43.7,127,1
35.1,97,1
31.3,107,1
37.6,172,1
25.9,106,0
35.6,162,1
24.6,39,0
29.8,397,1
20.1,43,0
20.2,113,0
22.3,64,0
23.5,157,0
31.7,116,1
31.1,114,1
19.9,29,0
24.2,46,0
28.6,273,1
19.6,43,0
36.7,93,1
23.1,158,0
48.7,89,1
30.8,209,1
34.4,159,1
31.2,74,0
21,48,0
33,198,1
18.1,43,0
44.7,42,1
28.5,406,1
24.8,92,0
21.3,232,0
32.2,761,1
24,192,0
28.6,86,0
23.8,65,0
31.4,69,1
23.6,37,0
33.8,65,1
27.9,92,0
26.7,163,1
30.9,82,0
33.5,211,1
27.8,78,0
30.9,120,1
33.6,185,1
21.2,126,0
28.7,185,1
48.7,49,1
18.5,52,0
49.9,43,1
24.8,166,0
56.7,72,1
26.7,66,0
39,103,1
27.1,128,1
45.2,148,1
28.8,32,0
31.8,105,1
23.4,68,0
33.6,61,1
28.8,174,1
26.1,70,0
19.7,45,0
30.6,72,1
22.4,60,0
27.1,138,0
39.9,78,1
53,198,1
32.3,121,0
32.3,129,1
30.6,177,1
21.1,39,0
26.7,73,0
49,64,1
34.2,105,1
31.5,166,1
22.5,56,0
21.8,48,0
28.9,64,1
22.3,62,0
24.6,177,0
25,57,0
31.6,172,1
24.7,67,0
38.3,165,1
50.6,87,1
38.8,383,1
32.9,76,0
27.4,73,0
23.6,74,0
29.5,135,0
25.5,208,0
42,71,1
32.2,78,1
26,65,0
19.3,102,0
29,89,1
15.5,66,0
27.8,184,1
29.1,105,1
29.5,41,0
25.9,65,0
28.1,197,0
31.5,343,1
31.8,255,1
22,57,0
34.3,84,1
22,36,0
29.6,104,0
46.9,61,1
33.7,92,1
31.5,143,1
27,81,0
26.4,214,0
21.6,66,0
24.2,237,1
22.8,70,0
24.8,157,0
24.6,79,0
21.8,111,0
29.7,69,0
32.2,80,1
25.8,66,0
30.9,253,1
24,109,0
25.7,204,1
29.9,61,0
26.1,55,0
33.6,120,1
27.9,62,0
32.9,286,1
31.7,428,1
23.6,128,0
27.3,111,1
27,140,0
26.4,48,0
31.5,86,1
37.3,31,0
25,256,0
25.6,56,0
26.1,135,0
33.5,80,1
33.7,146,1
29.1,130,0
35.3,177,1
29.4,137,1
35.2,89,1
34.8,258,1
23.2,70,0
30.1,285,1
19.7,207,0
23.8,64,0
32,75,1
20.1,45,0
22.8,134,0
21.3,89,0
24.9,74,0
23.2,47,0
23.6,113,0
49.5,150,1
19.6,41,0
30,75,1
28.6,63,0
28.7,79,1
24.6,54,0
20.5,102,0
20.9,48,0
27.9,66,0
24.8,66,0
58,88,1
25.3,109,0
28.5,125,0
27.7,56,0
28.5,209,1
31.8,153,1
34.6,95,1
31.7,108,1
35.2,82,1
20.2,94,0
21.7,35,0
28.9,76,0
29.1,122,0
32.8,138,1
29.4,52,0
17.9,42,0
29,65,0
46.2,179,1
26,146,0
32.5,210,1
28.8,130,1
29.4,40,0
19.3,166,0
34.6,45,1
29.8,65,0
38,79,1
43.7,65,1
30.1,61,0
22.7,55,0
43.1,72,1
22.6,50,0
28.2,161,0
26.6,93,0
29.4,304,1
33.3,198,1
19.4,78,0
22.4,89,0
25.2,221,0
33.5,72,0
38,76,1
30.4,168,1
41.2,174,1
26.3,253,1
50.3,132,1
19.5,31,0
24.2,55,0
25.2,166,0
38.7,112,1
25.1,90,0
32,262,1
33.9,343,1
25,68,0
20.6,67,0
22.5,101,0
24.9,161,0
25.2,101,0
17.9,51,0
34,104,1
35.6,101,1
33,81,1
37.8,208,1
26.2,39,0
22.5,65,0
22.7,74,0
35.7,167,1
29.6,148,1
32.4,37,0
27.7,211,1
39.5,61,1
24.5,68,0
27.1,69,0
46.8,147,1
33.5,140,1
23.7,55,0
22.1,32,0
28.4,63,0
21.4,110,0
24.6,81,0
28.9,105,0
24.1,66,0
37.9,95,1
22.1,94,0
33.9,68,1
26.4,63,0
19.1,97,0
22.2,36,0
30.2,75,0
36.6,87,1
21.2,132,0
20.3,135,0
36.8,189,1
25.7,98,0
23.9,47,0
17.7,147,0
27.9,49,0
21.1,36,0
32.5,94,1
24.1,23,0
27.8,163,0
26,21,0
35.1,303,1
32.1,123,0
26.2,76,0
19.7,94,0
27.9,305,1
32,43,0
32,176,1
23.6,198,0
18.7,21,0
23.2,99,0
31.3,212,1
35.3,89,1
21.7,42,0
32.3,99,1
18.3,109,0
40.4,55,1
29.4,146,0
37.1,116,1
29.1,95,1
23.9,65,0
29.9,100,0
26.2,62,0
20.2,47,0
19,67,0
28.2,161,0
37,201,1
38.6,97,1
23.3,39,0
31.7,82,1
38.6,66,1
26.3,24,0
24.4,71,0
25.3,40,0
29.8,185,1
26.9,151,0
30.7,59,1
27.7,123,1
37.2,119,1
20.3,67,0
27,58,0
26.3,872,1
31.5,64,0
31.6,153,1
33.9,118,1
19.7,187,0
22.4,32,0
34.9,71,1
28.9,158,0
20.4,71,0
34.9,228,1
28.4,116,1
19.6,175,0
18.6,70,0
37.4,100,1
31.2,50,0
34.7,257,1
22.6,109,0
25.2,69,0
42.6,91,1
34.4,60,0
40.1,160,1
25.6,88,0
31.6,52,1
36.3,255,1
32.1,52,0
26.9,416,1
19.6,25,0
34.7,45,1
27.9,83,0
22.6,46,0
35.6,72,1
45.2,72,1
24.6,48,0
35.7,158,1
34.7,89,1
25.5,145,0
23.3,101,0
43.8,134,1
28.6,277,1
26.9,98,0
29.7,624,1
24.5,37,0
44.9,58,1
40.3,65,1
26.9,61,0
38.8,105,1
30.8,181,1
22.5,56,0
45.6,59,1
23.5,34,0
20.6,44,0
25.6,62,0
34.4,93,1
30.6,105,1
30.4,170,1
22.8,41,0
26,130,0
22,57,0
39.2,78,1
26.3,56,0
26.5,86,1
25.4,137,0
30.5,176,1
23.6,88,0
32.1,68,0
19.8,60,0
21.7,245,0
32.2,152,1
32.2,158,1
45.2,114,1
34.7,114,1
26.5,127,0
32,211,1
22.5,60,0
24.5,66,0
28,33,0
32,82,1
23.4,69,0
21,26,0
26.5,20,0
38.9,92,1
18.1,141,0
28,93,1
27.2,180,1
26.7,70,0
33.2,203,1
35,212,1
20,77,0
39.3,96,1
30.7,67,0
17.9,67,0
35.4,139,1
25.3,117,0
28.3,70,0
28.1,32,0
21.9,70,0
21,183,0
25.2,111,0
22.8,87,0
29.6,122,0
19.5,59,0
23.2,78,0
21.6,29,0
31.1,135,1
36.3,186,1
27.8,327,1
26.2,58,0
29.6,72,0
23,128,0
30.1,102,0
24.9,32,0
25.2,123,0
27,223,1
21.2,51,0
17,47,0
27.3,25,0
30.1,197,1
21.7,46,0
30.6,252,1
26.4,159,0
40.5,82,1
37.2,208,1
26.4,44,0
30.8,18,0
27.6,212,0
36,208,1
23.7,63,0
34.2,64,0
25.2,87,0
21,36,0
36.6,108,1
31.9,77,1
32.3,64,1
55.4,164,1
25.8,39,0
20.2,77,0
26.7,130,0
25.1,47,0
27.7,69,0
28,167,1
35.6,120,1
20.1,36,0
21.4,49,0
21.6,151,0
44.2,56,1
25.5,158,0
26,158,0
20.3,40,0
26.6,60,0
25.6,47,0
27.9,53,0
36.8,58,1
34.7,166,1
31,90,1
28.6,83,0
28.6,28,0
21.7,45,0
30.1,89,1
28.8,93,0
33.2,56,0
63.6,110,1
27.4,71,0
37.5,263,1
29.2,101,0
35.1,152,1
27.3,210,1
41.6,150,1
23.6,56,0
30.6,115,0
25.6,67,0
28.2,179,1
28.4,115,1
35.2,156,1
26.6,69,0
26.2,66,0
36,83,1
26.7,103,0
35.1,51,1
25,99,0
35.8,201,1
33.5,102,1
22,32,0
43.4,127,1
23.1,142,0
31.1,124,1
26.6,77,0
23.4,64,0
32.8,78,1
22.3,69,0
24,54,0
35.5,134,1
18.9,138,0
44.3,41,1
25.3,44,0
46.3,177,1
38.5,146,1
24,57,0
33.7,169,1
29.1,238,1
29,108,1
27,74,0
37.2,152,1
34.8,83,1
16,36,0
31.9,61,0
26.3,55,0
31.1,42,0
31.7,140,1
27.5,141,0
21.9,254,0
33.4,151,1
33.8,233,1
35.8,135,1
19,53,0
27.8,63,0
24.3,175,0
28.5,77,0
24.1,116,0
25.9,155,0
20,51,0
24.8,97,0
22.6,49,0
25.1,43,0
25.8,44,0
26.1,108,0
35.5,307,1
32.5,75,0
41.7,39,1
34.6,242,1
25.1,59,0
36.4,97,1
22,103,0
33.1,199,1
25.3,69,0
24.9,92,0
36.6,107,1
47.2,88,1
44.7,105,1
33,57,1
21.8,103,0
22.9,110,0
47.8,54,1
31.3,97,0
30.8,121,1
32.4,90,1
24.8,241,1
31.4,41,0
41,438,1
41.3,113,1
32.1,24,0
49.8,95,1
33.8,434,1
24.2,126,0
18.6,28,0
41.6,89,1
25.9,94,0
36.7,125,1
31.4,184,1
37,136,1
25.6,98,0
30.9,49,1
27.1,102,0
48.3,222,1
42.9,89,1
25.4,54,0
27.2,268,1
25.7,89,0
35.3,81,1
44.2,160,1
25.3,114,0
38.7,147,1
21.4,58,0
28.1,81,0
26.8,323,1
28.5,48,0
36.5,76,1
32.5,151,1
26.2,27,0
34.4,136,1
27.7,74,0
27.3,129,1
30.4,95,0
31.1,204,1
36,192,1
30.2,80,0
23.9,145,1
36.4,79,1
26.8,147,0
27.1,70,0
28.8,46,0
28.5,225,1
29.2,62,0
34.6,263,1
27.2,60,0
31.8,65,1
29.2,176,1
28.9,89,0
31.4,115,1
23.3,36,0
30.3,281,1
21.4,72,0
21.8,42,0
25.8,37,0
24.7,78,0
24.7,56,0
27.1,192,0
22.9,37,0
30.2,148,1
45.4,329,1
21.3,163,0
26.8,83,1
31.8,56,1
41.2,93,1
35.6,126,1
33,168,1
30.8,51,0
21.7,66,0
28,156,1
23,79,0
24,56,0
22.1,46,0
22.5,98,0
26.6,64,0
32.2,100,1
22.8,524,1
39.2,64,1
26.2,36,0
24.4,24,0
34.8,101,1
21.9,22,0
22.3,73,0
29,149,1
41.3,59,1
24.6,162,1
30,212,1
32.1,133,1
18.7,52,0
27.8,54,0
24.5,83,0
21.5,85,0
30,102,0
48.4,67,1
30.1,76,1
39.1,116,1
29.5,188,1
26.6,94,0
22.6,70,0
34.5,179,1
26.2,44,0
45.4,89,1
30.7,224,1
32.8,221,1
44.6,162,1
27.4,111,0
24.1,236,1
26.5,129,1
26.4,150,0
31.9,88,0
23.8,370,0
20.6,168,0
23.7,44,0
33.5,46,0
24.6,50,0
30.2,71,0
25.1,275,1
32.7,57,0
22.9,30,0
21.4,68,0
28.1,53,1
33.4,123,1
34.7,116,1
26.8,86,0
20.3,99,0
54,40,1
26.9,190,0
30.4,128,1
25.1,48,0
64.5,59,1
41.5,156,1
23.9,63,0
30.3,37,0
30.2,59,0
22.5,76,0
33.9,72,1
19.8,38,0
34.6,297,1
28.1,53,0
26.2,130,0
31.7,132,1
30.5,106,1
20.9,73,0
16.2,49,0
28.2,67,0
43.2,123,1
24.7,90,0
28.6,49,0
36.6,72,1
27.8,82,0
27.7,47,0
20.6,63,0
24.1,115,0
20.5,62,0
27.9,191,1
21.5,49,0
26.5,23,0
28.3,770,1
32.7,436,1
23.4,81,0
28.3,173,1
44.6,80,1
46.8,195,1
29.9,202,1
33.7,62,1
18.6,48,0
38.3,145,1
33.7,170,1
29.3,96,0
28.3,28,0
24.9,90,0
22.2,81,0
27.6,81,1
26.5,76,0
20.9,74,0
24.7,90,0
30.2,84,0
25.3,170,0
32.5,58,0
38.1,181,1
33.9,137,1
26.2,43,0
33.2,51,0
28.6,119,1
27.2,106,0
20.6,122,0
29.6,63,0
20.7,49,0
26.4,207,0
29.6,82,0
23.5,63,0
30.1,31,0
32.8,77,1
36.3,90,1
17.5,50,0
34,177,1
41.5,127,1
27.6,94,0
36.2,102,1
29.8,52,0
27.8,465,1
25.1,219,0
22.6,32,0
30.4,139,1
37.1,146,1
24.1,52,0
23,149,0
41.7,71,1
27.1,139,0
31.8,77,1
28.4,147,0
22.6,44,0
22,39,0
20.7,19,0
31.1,36,0
62.7,59,1
19.9,77,0
40.5,105,1
17.7,87,0
25.5,57,0
32.3,141,1
28.5,192,1
33.2,97,1
27.7,247,1
20.5,61,0
35.4,37,1
39.7,123,1
38.2,94,1
23.6,108,0
29.2,92,0
24.6,45,0
32.7,85,1
29.3,101,0
34.1,63,1
26.8,114,0
25.2,118,0
41.3,146,1
24.5,185,0
26.9,114,0
29,57,0
28.9,68,0
27.7,68,0
38,70,1
22.7,49,0
26.4,105,0
23.2,55,0
26.5,75,0
32.3,81,1
37.5,48,1
31.1,118,1
27.3,99,0
27.3,56,0
48.7,66,1
24.1,83,0
25.4,39,0
20.8,62,0
35.3,107,1
29.8,189,1
20,25,0
41.9,87,1
34.1,128,1
25.1,40,0
21.4,240,0
39.8,81,1
42.8,77,1
27.1,216,0
33.2,325,1
27,59,0
26.5,138,0
20.6,31,0
22.3,59,0
22.1,217,0
37.3,91,1
20.9,39,0
23,40,0
23.4,43,0
31.5,60,1
28.6,123,1
34.2,114,1
18.9,42,0
33.6,236,1
40.8,73,1
42.5,134,1
24.9,378,0
23.3,60,0
22.2,47,0
24.9,47,0
41.1,79,1
24,168,0
37.9,119,1
24.1,78,0
26,121,0
22.2,37,0
28.1,64,0
21.5,78,0
23.7,58,0
21.3,48,0
24.5,102,0
22,46,0
35.9,79,1
23.8,54,0
27.6,78,0
35.1,116,1
33.7,79,1
33.9,105,1
25.5,184,0
29.4,63,0
34.9,172,1
30.8,213,1
29.1,85,0
37.7,176,1
27.1,154,0
25.5,305,0
21.9,55,0
27.1,209,0
26,47,0
30.7,97,1
24.1,186,0
25.9,63,0
22.2,25,0
33.5,244,1
24.3,55,0
23.6,47,0
23.9,110,0
15.7,73,0
22.7,57,0
24.7,136,0
28.4,167,1
31.1,228,1
43.2,102,1
27.8,49,0
28,275,1
33.4,128,1
20,156,0
32.2,55,1
36.5,437,1
39.1,50,1
24,52,0
21,56,0
40.9,49,1
22,67,0
19,36,0
24.9,76,0
24.1,74,0
42.2,39,1
21.3,72,0
25.8,102,0
21.3,68,0
23.8,53,0
44.6,166,1
27.8,126,0
27.1,41,0
24.7,106,0
30.8,95,1
20.9,83,0
36.1,141,1
27,170,0
31.3,172,1
24.8,176,1
34,88,1
23.2,64,0
34.9,80,1
37.8,165,1
29.1,159,1
41.3,104,1
32.9,21,1
28.9,109,1
22.6,52,0
26.1,116,0
29.6,56,0
29.3,172,1
27.2,33,0
19.2,112,0
26.8,129,0
31.7,56,0
20.3,64,0
24.9,28,0
20.5,52,0
23.9,71,0
25.2,120,0
22.4,98,0
26.2,46,0
34.5,43,0
24.9,57,0
28.8,51,0
31.8,120,1
30.3,163,1
32.1,76,1
23.5,105,0
22.2,56,0
21.8,24,0
35.6,198,1
58.7,115,1
27.3,190,1
32.2,101,1
35.8,110,1
28.2,53,0
31.3,155,1
34.9,124,1
20.6,85,0
24.7,169,0
29,140,0
34.4,147,1
29,90,0
35.7,110,1
30.3,71,0
29.7,137,1
28,82,0
23,98,0
28,52,0
23.4,181,0
23.5,238,0
33.6,49,1
25.5,109,0
26.5,41,0
23.9,48,0
25.2,159,0
32,62,0
24.4,39,0
23.4,139,0
28.8,155,0
36.1,92,1
20.9,62,0
31.6,84,1
25.8,75,0
25.9,71,0
31.8,165,1
29.6,50,0
40.1,28,1
25.7,68,0
41.8,152,1
30.8,57,1
46,55,1
24.2,88,0
30.2,59,0
29.3,260,1
40.4,175,1
36.4,87,1
25,48,0
28.2,85,0
45.7,85,1
42.4,54,1
24.8,126,0
23,37,0
23,136,0
19.4,22,0
40.2,151,1
24.7,68,0
24.9,111,0
32.9,146,1
31,69,1
24.4,378,1
28.3,120,1
45.4,131,1
43.7,1407,1
23.3,36,0
33.3,67,0
32.5,32,1
35.8,140,1
26,65,0
24.7,206,0
23.7,112,0
26.4,202,0
20,28,0
28.8,113,1
31.4,155,1
37.3,101,1
28.3,235,1
28.3,86,1
46.2,201,1
29.7,105,1
34,56,1
43.6,197,1
27.8,1479,1
25.3,34,0
36.8,117,1
25.6,59,0
21.7,61,0
28.3,74,0
28.8,108,0
28.6,51,0
49.3,100,1
33.1,34,0
35.2,109,1
25.1,48,0
29.4,162,0
19.6,50,0
30.5,49,0
25.7,101,0
26.8,71,0
42,169,1
55.3,182,1
24,51,0
30.2,39,0
31.8,77,1
31,110,0
42.6,81,1
38.7,53,0
23,208,0
22.6,30,0
31.3,73,1
26.4,97,0
24,99,0
40,164,1
28.9,116,1
22.4,122,0
35.5,76,1
26.3,108,0
25.3,160,0
24.7,40,0
31.8,56,1
26.5,59,0
33.4,47,0
31.9,101,1
60.6,82,1
26.1,56,0
29.6,66,0
20.3,32,0
29,61,0
27,80,1
34.7,34,0
35.8,48,1
25.1,131,0
33.3,145,1
29.8,142,1
25.2,77,0
25.6,118,0
48.7,73,1
37.1,52,1
19.6,47,0
26.6,100,0
27.8,76,0
21.3,79,0
20.2,21,0
30.4,363,1
24.1,73,0
25.7,138,0
24.4,84,0
24.8,150,0
37.4,137,1
32.7,128,1
26.6,91,1
25.7,226,1
22.2,102,0
37.4,172,1
25.9,41,0
27.9,91,0
25.7,63,0
31.8,267,1
21.7,57,0
36.1,104,1
18.9,50,0
41,126,1
28,79,0
26.4,98,0
26.6,40,0
23,60,0
21.7,115,0
29.1,74,0
22.3,69,0
35.3,78,1
25.6,133,0
31.7,86,1
17.9,189,0
22.2,56,0
24.6,119,0
30.9,62,1
41.4,194,1
26.8,43,0
29.4,190,1
25.6,126,0
31.3,55,1
24.5,196,0
34.4,264,1
25.9,43,0
35,240,1
33.5,70,1
19.7,76,0
33.1,47,1
30.8,157,1
32,51,0
29.9,142,1
30.1,99,0
32,106,1
21.5,62,0
27.6,243,1
24,52,0
36.1,125,1
32.2,114,1
30.5,51,0
27.8,110,0
42,54,1
23.3,55,0
46.8,202,1
37.6,116,1
36.9,91,1
32.3,58,0
24.2,26,0
36.7,149,1
25.5,78,0
25.2,325,1
38.5,53,1
34.2,113,1
31.4,26,0
21.7,166,0
19.8,54,0
32.4,515,1
33.4,130,1
27.9,103,0
42.7,126,1
33.5,59,1
38.7,102,1
35.7,204,1
33,155,1
27.5,274,1
29,383,1
30.1,167,1
49.1,219,1
25.6,56,0
27.4,123,0
27.3,87,1
33.8,190,1
30.3,121,1
27.2,61,1
24.4,67,0
34.1,123,1
26,80,0
37.4,104,1
24.2,55,0
32.9,101,1
25.1,100,0
43.8,224,1
26.2,238,0
24.3,295,0
40,224,1
28.5,113,1
31.2,206,1
26.5,190,0
47,192,1
41.1,63,1
24.3,66,0
25.1,35,0
37.6,125,1
28.1,86,0
43.4,199,1
25,127,0
42.9,101,1
33.1,225,1
24.2,143,1
36.9,60,1
27.3,97,0
35.1,290,1
19.8,107,0
29,92,0
35.7,394,1
16.8,205,0
28,188,1
33.9,60,0
25.2,92,0
27.1,252,1
35.4,97,1
26.6,33,0
24.7,154,0
40.2,141,1
37.6,39,1
36,58,1
19,35,0
26.6,98,0
25.4,102,0
19.2,59,0
28.1,67,0
23.8,41,0
25.9,157,0
35.6,39,0
38.2,281,1
23.9,125,0
27.4,43,0
30.7,182,1
36.1,155,1
28.2,79,0
26.9,28,0
37.4,356,1
22.3,38,0
47.7,48,1
29.1,50,0
43.6,121,1
21.4,109,0
32.2,40,0
33.2,103,1
24.1,116,0
36.9,135,1
32.5,74,1
27.4,165,0
29.3,69,0
29.2,113,0
23.6,31,0
28.9,455,1
25.1,166,1
31,110,1
32.3,219,1
21.6,43,0
30,56,0
33.3,149,1
36.2,78,1
49.1,98,1
32.3,53,1
24.7,94,0
33.8,97,1
31.9,82,1
26.4,92,0
34.2,141,1
29,112,1
24.8,88,0
53.7,199,1
33.6,93,1
19.4,52,0
26.2,48,0
25.2,150,0
32.6,43,0
26.3,41,0
61.6,166,1
24,44,0
28,159,0
24.8,111,0
35.8,98,1
32,120,1
31,133,1
21.1,61,0
33.5,139,1
23.2,136,0
35,236,1
32.3,137,1
18.7,56,0
28,63,0
21.9,104,0
40.5,50,1
22.5,49,0
22,73,0
38.1,87,1
23.7,77,0
27.9,94,1
25.3,70,0
28,72,0
23.8,127,1
28.5,87,0
33.5,234,1
30.2,87,1
27.8,113,0
27,119,0
31.3,71,1
34.3,150,1
23.8,54,0
30.7,152,1
26.4,247,0
33.7,117,1
21.6,43,0
39.7,112,1
16.5,61,0
27.8,170,1
20.8,96,0
27.3,63,0
25.1,146,0
26.1,69,0
27.8,140,1
21,43,0
31.9,39,0
34.3,55,1
32.9,743,1
18.6,102,0
20.7,57,0
23.1,144,0
22.2,38,0
34.5,126,1
19.9,41,0
29.2,140,1
34,300,1
48.4,149,1
33.3,148,1
23,68,0
28.4,170,1
31.2,132,1
32.1,91,1
27.8,89,0
29.8,102,1
27.5,103,0
31.2,109,1
30.8,102,0
31,67,1
27.2,86,0
26.1,109,1
26.6,181,0
44.9,134,1
31.9,118,1
26.2,355,1
25,41,0
31.9,143,1
49.3,48,1
27.1,62,0
26.9,136,0
20.5,60,0
21.9,50,0
29.6,66,0
43.2,101,1
24.5,39,0
21.5,91,0
24.1,43,0
26,60,0
27.4,89,0
19.7,68,0
24,114,0
27.9,180,1
29.9,80,1
25.1,479,1
34.5,90,1
25,72,0
38.6,130,1
27.4,178,1
28.4,62,0
27.9,147,1
24.7,217,1
35.8,148,1
28.7,115,0
18.7,118,0
24,96,0
24.8,34,0
26.2,160,0
31.1,268,1
33.1,121,1
24.3,43,0
28.6,43,0
32.8,126,1
35.2,307,1
24.4,58,0
31,146,1
26.8,71,0
48.4,123,1
28.1,142,1
33,26,0
23.8,48,0
25.1,67,0
46.7,180,1
22.8,101,0
29.4,41,0
35,116,1
26.5,120,0
23.9,71,0
20.4,47,0
35.2,324,1
47.7,168,1
27.4,52,0
19.5,55,0
32.9,231,1
29.3,137,1
22.8,39,0
20.3,31,0
38,39,1
20.2,40,0
31.9,70,1
21.9,56,0
20.4,41,0
35.6,92,1
21.3,65,0
27.3,150,1
31.9,106,1
29.5,38,0
24.3,186,1
23.4,43,0
34.7,141,1
22.6,68,0
41.4,105,1
42.8,152,1
27.5,361,1
29.2,56,0
31.2,48,0
24.8,128,0
38.1,48,1
33.5,119,1
31.4,272,1
37.1,200,1
20.4,73,0
39,53,1
26.2,80,0
43.2,113,1
27.2,58,0
24.3,71,0
45,84,1
39.1,30,1
29.5,119,0
26.2,115,0
17.7,50,0
35.2,108,1
23.9,46,0
45.8,85,1
34.3,158,1
26.3,145,0
30,140,1
26.3,129,0
35.2,123,1
40,67,1
59.1,98,1
19.7,43,0
26.1,97,0
42.2,77,1
26.3,56,0
19.7,120,0
23.4,70,0
31.2,32,0
20.8,91,0
21.8,99,0
27.9,127,0
25.1,102,0
33,130,1
28.9,118,1
32.6,75,1
31.1,85,1
28.4,152,1
26.4,164,1
28.8,106,0
23.4,64,0
38.3,92,1
33.4,175,1
26.2,495,1
35.4,117,1
27,138,0
49.8,56,1
21.2,172,0
26.8,98,0
27.7,61,0
30.9,281,1
18.7,33,0
27.7,101,0
39,31,1
24,80,0
33.3,56,0
23.4,42,0
18.3,41,0
26.1,135,0
32.6,153,1
29.4,128,1
20.4,50,0
28.1,40,0
23.8,101,0
27.6,117,0
27.3,106,0
49.6,116,1
41.7,202,1
22,41,0
21.5,35,0
23.4,72,0
24.6,166,0
28.5,129,0
30.3,182,1
28.8,74,0
21.1,51,0
32.4,46,1
28.6,54,0
22.2,49,0
24,122,0
21.8,133,0
34.8,149,1
31.1,104,1
29.1,71,0
19.8,54,0
35.7,156,1
32.3,194,1
28.8,35,0
21.9,43,0
39.4,70,1
32.4,28,0
32.4,138,1
41.7,117,1
36.8,217,1
42.4,65,1
42.8,86,1
28.3,74,0
19.9,76,0
25.2,112,0
27,67,0
22.6,39,0
38.2,109,1
24.3,302,0
22.8,173,0
23.6,243,0
24.1,77,0
27.3,51,0
28,108,1
39.6,71,1
34,121,1
18.1,33,0
38.9,86,1
27.9,119,0
27.4,40,0
24.1,94,0
31.1,89,1
26.7,110,1
25.2,46,0
32.2,80,1
61.9,122,1
40.9,48,1
31.4,111,1
24.6,158,0
32.3,103,1
42.5,31,1
30.2,39,0
35.2,131,1
25.2,55,0
29.2,55,0
47.1,68,1
28.6,165,1
35.7,132,1
29.7,73,0
36.2,107,1
27.6,96,0
22.2,160,0
26,55,1
26.8,86,0
26,131,0
32.3,242,1
41.1,46,1
22.5,56,0
21.5,51,0
34.7,35,1
26.1,202,0
32.5,123,1
32,150,1
24.2,101,0
31.8,65,0
29.2,71,0
32.9,154,1
43.3,72,1
35,114,1
51.8,224,1
32.4,99,0
36.6,152,1
42.9,45,1
52.8,60,1
43.2,51,1
37.6,319,1
33.1,49,0
35.2,83,1
27.1,274,0
23.4,64,0
24.7,160,0
34.9,60,1
26.9,48,0
30.6,73,1
37.8,123,1
27.5,58,0
27.8,60,0
25.6,64,0
24.4,62,0
20.9,118,0
19.5,36,0
27.5,124,0
56.4,157,1
35.2,86,1
26.9,98,0
40.4,160,1
28.1,72,0
44.9,70,1
20.3,79,0
32.9,83,1
49.1,193,1
28.9,97,0
37.5,59,1
27.8,87,0
22.7,33,0
25.8,41,0
42.1,141,1
31.3,68,1
32.5,78,1
31.2,137,1
27.3,105,0
30,57,0
28,178,0
21.6,65,0
26.6,80,0
23.1,89,0
30.7,99,0
25.5,57,0
26.2,45,0
24.1,233,1
35.9,89,1
38.1,81,1
30.7,40,1
37.2,150,1
22.4,78,0
32.4,156,1
26.8,70,0
30.4,43,0
27.9,79,0
30,161,1
33.8,364,1
29.8,114,1
27.7,109,1
25.5,125,0
26.3,76,0
21.8,76,0
25.2,82,0
25.8,98,0
31.8,197,1
30.1,96,1
28,41,0
44.9,185,1
25.7,310,1
20,38,0
28.6,53,0
32.8,154,1
30.2,125,1
19.3,110,0
25.8,103,0
30.1,35,0
26.5,172,0
21.8,56,0
32.7,25,0
22.6,62,0
16.5,65,0
29.9,106,1
33.7,43,0
32,298,1
22.3,91,0
36.3,63,1
29.4,55,0
32.1,64,1
33,73,1
24.7,92,0
49,42,1
26.7,43,0
36.3,53,1
23.2,44,0
29.2,150,1
42.3,198,1
32.4,77,0
20.1,76,0
30.7,135,1
30,75,0
24.5,175,0
33.4,51,1
28.9,79,0
28.6,74,0
22.8,79,0
34.4,101,1
22.2,68,0
21.2,91,0
23.5,36,0
34.7,382,1
20.7,66,0
28,150,0
23.3,49,0
21.9,163,0
40.1,241,1
28.8,124,1
28.6,64,0
35.3,269,1
30.2,77,0
25.2,108,0
21.3,46,0
28.3,132,1
27.4,42,0
22.9,39,0
25.1,60,0
29.7,84,1
25.9,62,0
31,183,1
25.6,68,0
35,183,1
25.2,38,0
28.5,55,0
27.2,73,0
25.8,378,1
32,58,0
25.1,120,0
30.5,104,0
25.7,106,0
37.4,118,1
26.7,78,0
27.6,246,1
29.5,78,0
27.4,73,0
20.9,16,0
35.9,245,1
31.3,208,1
27.7,115,0
28.3,121,0
27.8,160,1
36.8,193,1
29.2,57,0
32.6,66,0
20.5,65,0
17.7,106,0
23.9,102,0
23,89,1
33.7,86,1
29.5,121,0
22.7,67,0
21.2,43,0
43.3,73,1
31.5,201,1
24.5,26,0
31.8,74,1
37.3,165,1
38.5,28,1
26.7,134,0
26.2,63,0
35.8,69,1
25.4,89,0
20,49,0
25.8,50,0
23.3,192,0
30.5,123,1
22.5,43,0
21.4,66,0
32.2,158,1
27,97,0
23.8,43,0
29.7,58,0
21.9,60,0
26.1,85,0
43.7,21,0
29.6,52,0
35.3,222,1
26.5,10,0
22.1,59,0
28.1,153,1
22.7,57,0
29.9,88,1
50.3,151,1
35,94,1
23.5,45,0
28.3,92,0
21.8,34,0
26.6,97,0
35.6,162,1
25.7,60,0
27.8,61,0
35.8,97,1
31.3,216,1
46.3,111,1
31.9,89,1
23.4,104,0
29.6,124,1
23.6,39,0
29.8,33,0
26.5,196,0
26,160,0
29.1,40,0
24.5,399,0
30,136,1
25.3,91,0
25.6,83,0
26.6,31,0
24.5,48,0
24.9,164,0
43.3,93,1
18.1,249,0
26.2,102,0
33.6,84,0
30.6,91,0
24.8,255,0
24.7,39,0
25.1,171,0
29.9,82,1
45.8,175,1
30.7,122,1
20.2,57,0
29.1,73,1
29.5,85,0
26,100,0
33.7,131,1
34.9,63,1
39,140,1
46.5,72,1
20.6,73,0
27.9,78,0
26.1,169,0
32.8,119,1
43.8,149,1
26.1,42,0
26.6,98,0
39.2,215,1
43.2,189,1
34.6,80,1
31.7,87,1
27.8,129,0
28.7,140,0
26.6,104,0
36.4,87,1
36.6,99,1
30.8,257,1
30.7,35,0
32.8,37,0
23,62,0
34.5,140,1
23.2,75,0
22.8,28,0
26.1,37,0
43.4,115,1
28,89,1
24.8,46,0
46.4,40,1
23.4,78,0
29.5,171,1
22.8,48,0
24.4,66,0
27.5,58,0
25.3,203,0
34.4,222,1
32.4,190,1
27.4,373,1
35.5,162,1
29.6,117,1
23.3,118,0
37.5,69,1
25.8,59,0
22.2,214,0
29.4,172,1
30.2,81,0
30.9,79,1
20.9,110,0
22.1,203,0
41.2,140,1
24.5,245,0
27.3,217,1
28,54,0
34.2,158,1
25.5,81,0
24.2,77,0
25.8,119,0
26,153,0
24.5,50,0
19,63,0
26.3,71,0
30.6,83,0
27.9,61,0
21.5,49,0
27.3,121,0
27.5,111,1
34,25,0
26.5,193,0
47.6,32,1
27.9,276,1
24.5,117,0
27.4,50,0
44.2,156,1
26.2,88,0
28.1,101,1
27.9,55,0
21.1,63,0
35.9,116,1
23.7,60,0
24.4,32,0
25.6,97,0
26.8,63,0
31.8,96,0
27.2,49,0
38,110,1
24.1,60,0
33.9,175,1
32.2,133,1
24.2,78,0
23.3,78,0
34.9,205,1
30.1,96,1
32.5,138,1
24.6,125,0
39.5,142,1
29.1,75,0
23.3,44,0
32,133,1
23.4,109,0
44.3,94,1
26.3,104,0
29.8,61,0
23.8,148,0
48.2,238,1
24.4,230,0
29.9,294,1
34.7,80,1
19.9,84,0
23.5,114,0
28.8,75,0
21.7,192,0
30.2,469,1
35.5,90,1
25.5,98,0
23.3,67,0
34.8,41,1
23.5,25,0
34.7,82,1
21.7,78,0
23.3,166,0
28.9,75,0
37,63,1
28.5,87,0
64.7,95,1
30.9,76,1
25,34,0
30.7,54,1
33.2,311,1
25.5,628,1
28.5,46,0
20.3,100,0
26.6,92,0
43.2,35,1
28.8,155,1
27.4,262,1
36.3,140,1
44.1,81,1
34.6,86,1
31.5,94,1
28.4,43,0
20.7,55,0
23.2,157,0
36.8,87,1
34.5,807,1
36.9,101,1
42.4,81,1
26.1,32,0
29.3,170,1
34.7,67,1
19.1,69,0
22.8,41,0
41.8,255,1
43.7,56,1
28.3,166,1
24.3,45,0
19.1,50,0
34.6,171,1
16.7,38,0
27.7,138,0
28,117,1
37.3,138,1
32.1,63,0
20.2,38,0
34.3,91,1
20.7,39,0
20,42,0
24.3,371,1
27.3,87,0
22.4,54,0
24.8,46,0
22.1,97,0
31,141,1
36.9,99,1
25.2,65,0
20,37,0
35.3,100,1
37.9,293,1
30.3,100,1
20.4,73,0
35.9,103,1
20.7,59,0
22,74,0
23.6,47,0
24.9,46,0
28.8,78,0
30,81,1
26,49,0
41.7,100,1
24.3,126,0
33,197,1
21.1,85,0
24.8,99,0
16.4,78,0
31.7,46,0
24.3,57,0
29.1,103,1
27.9,58,0
21.8,79,0
28.3,67,1
36.1,82,1
22.1,133,0
30.3,98,1
24.5,79,0
22.1,94,0
25.9,142,0
27.1,88,0
36.4,279,1
27.1,88,0
33.7,60,1
36,149,1
23.6,183,0
28.2,70,0
15.7,53,0
27.8,119,0
22.9,91,0
38.8,85,1
24,98,0
42,58,1
28.2,78,0
30.4,104,1
24.5,89,0
25.5,46,0
29.7,49,0
20,75,0
30,170,0
29,84,0
28,69,0
21.7,36,0
18.4,66,0
21.1,169,0
37.9,79,1
21.7,48,0
35.3,366,1
30.6,51,0
21.5,43,0
38.1,153,1
35.4,238,1
37.9,122,1
21.6,45,0
22.9,81,0
31.4,143,1
28.5,96,0
28.8,102,1
20.8,139,0
46.1,116,1
27.9,75,0
39,61,1
26.9,70,0
35.1,84,1
22.6,184,0
27.1,80,0
35.3,78,1
25.1,160,0
28.7,52,0
33.7,302,1
22.3,131,0
24.6,82,0
23,124,0
22.5,50,0
25.5,433,1
18.9,63,0
19.1,44,0
25.4,179,0
24.6,179,0
25.9,141,0
21.6,43,0
39,250,1
20.9,140,0
22.5,111,0
37.8,111,1
27.3,27,0
28.4,28,0
35.1,229,1
19.7,64,0
27.9,127,0
37.6,86,1
34.9,73,1
34.1,326,1
17.9,85,0
22.2,117,0
25.8,80,0
40.6,144,1
24.3,108,0
15.5,46,0
37.4,155,1
42.1,148,1
34.1,69,1
26,89,0
38,51,1
28.4,155,1
31.2,144,1
38.3,79,1
20.8,41,0
33.4,131,1
31.9,185,1
46.5,78,1
23.8,84,0
23.2,31,0
21,68,0
26.8,125,0
21.8,46,0
37.8,132,1
20.2,60,0
33.3,47,0
24.5,26,0
37.4,154,1
31.2,235,1
20.1,63,0
27,67,0
33.1,71,0
22.1,71,0
22.1,57,0
26.6,45,0
23.8,27,0
22.6,65,0
30.9,222,1
21,89,0
30.2,74,0
30.7,59,0
28.4,110,1
23,96,0
19.3,93,0
23.9,81,0
25.6,128,0
51,105,1
22.6,134,0
21.8,71,0
29,49,0
23.6,29,0
33.4,47,0
29.7,152,0
25.6,60,0
31.3,74,0
33,45,1
29.3,186,1
32.8,119,1
39.6,205,1
25.5,51,0
28.6,146,0
26,240,1
33.5,161,1
38.8,367,1
37.3,77,1
31.2,81,1
22.2,65,0
27.6,125,0
31.7,217,1
24.2,41,0
32.1,88,1
20.9,37,0
27.6,75,0
21.4,79,0
20.9,54,0
25.4,59,0
31.1,153,1
38.2,120,1
34.6,217,1
24,113,0
26.5,189,0
36.8,296,1
31,151,1
23.2,57,0
31.7,148,1
48.3,99,1
36.9,109,1
48.9,54,1
28.7,126,0
29.1,50,0
25,82,0
40.6,118,1
19.2,142,0
33.2,211,1
29.1,138,1
24.3,60,0
32.9,103,1
20,41,0
42.8,79,1
30.7,112,1
24.5,95,0
23.2,54,0
25.2,76,0
40.6,101,1
37.2,77,1
33.5,86,1
29.2,219,0
24.1,74,0
42.7,114,1
35.5,173,1
25.3,27,0
24.5,196,0
34.1,130,1
18.6,66,0
24,158,0
24.3,190,0
23.5,37,0
30.7,32,0
42,118,1
36.2,94,1
25.6,84,0
28.5,108,1
42.8,112,1
41.7,103,1
23.6,101,0
24.8,66,0
25.7,398,1
18.2,67,0
30.1,81,1
33.4,77,0
41.6,105,1
26.1,202,1
26.5,78,0
36,104,1
29.3,350,1
30.2,152,1
41,263,1
34.9,91,1
22.5,116,0
26,158,0
38.2,53,1
32.9,142,1
29.1,151,1
23.6,84,0
26.8,61,0
24.4,61,0
30.6,87,1
26.8,115,0
30.4,64,0
22.4,113,0
27.8,93,0
29.4,69,0
24.6,107,0
42.2,53,1
46.3,102,1
27.6,57,0
44.7,108,1
63.5,51,1
35.4,156,1
31.3,89,1
22.4,92,0
19.9,51,0
49.1,137,1
22.7,54,0
30.3,62,0
27,37,0
24.6,68,0
36.1,264,1
30,105,0
31.7,124,1
24,76,0
25.6,95,0
30.1,68,1
25.8,49,0
33.9,140,1
23.9,180,0
22.2,69,0
48.9,86,1
25.6,186,0
21.8,45,0
28,305,1
47.4,97,1
29.1,241,1
19.6,102,0
25.7,335,1
24.7,36,0
27.4,72,1
25.5,94,0
28.4,94,0
22.6,63,0
32.3,352,1
39.5,49,1
38.2,108,1
20.4,125,0
24.1,168,0
26,55,0
25.2,194,0
51.3,65,1
28.3,68,0
23.6,95,0
34.1,967,1
34.6,142,1
24.8,95,0
27.2,80,0
29,184,1
27.2,184,1
30.6,208,1
34.1,106,1
29.1,90,0
23.3,78,0
26.7,134,1
30.5,82,0
25.4,138,0
31.4,110,0
25.6,117,0
39.4,59,1
38.9,99,1
30.8,69,0
36.8,288,1
43.9,55,1
47,142,1
23.8,116,0
39.4,18,1
31.6,133,1
20.4,50,0
29.2,227,1
25.4,162,0
26.1,65,0
21.2,83,0
34,84,1
29.9,178,1
40.6,95,1
43.7,50,1
29.8,50,0
26.2,110,0
31.6,73,1
27.8,75,0
34.5,73,1
20.4,182,0
28.4,138,1
29,143,1
21.3,35,0
47.6,204,1
45,169,1
21.5,129,0
31.4,52,0
27.5,128,0
26.9,108,0
33.8,100,1
29,97,1
22.4,59,0
37.9,132,1
24.3,85,0
29.7,69,1
51.1,59,1
32.3,249,1
24.6,37,0
32.3,84,0
31.4,90,1
30.9,224,1
29.9,73,1
25,202,0
23.6,62,0
29.1,386,1
22.7,66,0
20.6,48,0
28,80,0
23.2,189,0
34.3,117,1
42.8,112,1
23.7,99,0
26.3,121,0
42.9,107,1
36.9,72,1
20.7,99,0
44.5,114,1
24.2,97,0
24.9,122,0
24.6,86,0
22.3,108,0
27.6,107,0
21,21,0
33.6,68,1
31.4,528,1
22.6,94,0
32.5,235,1
33.5,296,1
54.5,62,1
24.5,39,0
22.4,140,0
20.9,68,0
27.5,55,0
28.4,72,0
24.7,194,0
27,66,0
44,123,1
28.1,94,1
37.2,163,1
31.5,214,1
24.1,98,0
35.5,138,1
30.1,138,1
33.4,61,0
24.7,300,1
30,104,1
24.6,105,0
28.2,461,1
27,50,0
36.7,61,1
26,117,0
34.4,238,1
34.7,156,1
23,52,0
39.5,97,1
35,54,1
18.9,46,0
28.9,143,0
34.3,82,1
37.2,75,1
26.1,194,1
22.7,84,0
34.4,403,1
49.8,133,1
25.9,71,0
30.5,236,1
32.7,104,1
39.1,239,1
25.1,45,0
25.1,65,0
33.5,31,0
32.9,40,0
20.6,83,0
28.3,33,0
28.7,70,0
18.4,72,0
38.6,129,1
35.7,139,0
30.2,107,1
39,121,1
33.2,75,1
22,51,0
40.4,90,1
31.9,60,1
52.2,107,1
24.6,56,0
40.8,70,1
36.8,117,1
27.2,59,0
43.6,173,1
29.1,102,0
39.1,67,1
24,65,0
24.1,258,0
34.8,55,0
32.7,56,1
37.1,90,1
22.6,66,0
26.9,113,1
48.5,249,1
26.3,150,0
27.9,72,0
29.6,162,1
23.2,82,0
38.4,107,1
19.9,53,0
50.3,144,1
25.8,171,0
35.2,120,1
27.9,67,0
24.2,63,0
19.1,59,0
35.8,39,1
35.8,123,1
33.9,249,1
51.3,50,1
30.8,72,0
24.5,90,0
28.5,106,0
33.6,69,0
35.4,180,1
24,128,0
38.5,69,1
25.4,114,0
29,102,0
28.4,96,0
26.8,222,0
41.6,66,1
34.6,112,1
37.8,31,1
26,94,0
27.8,211,1
33.8,126,1
25.8,111,0
38.5,142,1
35.5,141,1
30.5,97,1
26.8,166,0
32.2,97,1
15.7,40,0
36.1,230,1
28,198,1
24.3,138,0
29.5,39,0
19.5,83,0
24.3,28,0
32.5,267,1
23.8,154,1
24.1,125,0
25.9,130,1
26.9,99,0
38.5,113,1
31.3,130,1
28.6,323,1
25.8,81,0
25.3,26,0
43.6,38,1
36.2,145,1
22.7,61,0
35.7,129,1
33.2,45,0
25,52,0
26.7,77,0
33.4,60,0
42.3,94,1
22.7,158,0
26.4,78,0
35.2,111,1
26.4,119,0
37.7,163,1
33.6,201,1
30.9,166,1
30,268,1
30,82,1
16.3,50,0
28.5,59,1
35.8,82,1
28.2,83,0
22,31,0
27.2,189,0
30.9,103,1
27.7,83,0
23.4,38,0
32.1,102,1
20.5,61,0
42.9,103,1
39.1,64,1
29.8,87,1
22.5,74,0
28.8,54,0
26.7,94,0
29.1,188,1
25.2,257,0
18.6,61,0
26.3,69,0
28.3,65,0
25.7,71,0
37.1,132,1
28.3,148,0
28.3,118,1
31.7,70,1
33.5,103,1
19,53,0
35.9,60,1
22.1,172,0
39.4,47,1
21.3,46,0
36.3,78,1
20.8,57,0
17.2,70,0
21.8,74,0
38.4,62,1
19.6,71,0
22.5,78,0
27.1,94,0
25.3,97,0
29.9,169,1
42.8,106,1
29.7,134,1
49.4,131,1
31.1,103,1
20.4,85,0
28.5,124,1
31.1,40,0
25.2,62,0
25.1,97,0
24.5,81,0
24.3,75,0
26.1,129,0
32.1,73,0
44.4,75,1
21.9,51,0
30.2,133,1
39,117,1
33.3,285,1
23.9,87,0
30.6,81,1
32.1,57,0
23.4,66,0
31.1,114,1
19.3,44,0
40,97,1
18.7,109,0
37.8,421,1
33.3,46,0
31.7,289,1
29.4,71,0
39.3,114,1
27.6,72,0
22.7,92,0
34.7,86,1
25.3,52,0
38.1,39,1
35.5,114,1
22.3,135,0
17.5,55,0
20.9,60,0
27.4,102,0
40.2,75,1
33.9,98,1
40.7,131,1
38.5,54,1
29.9,78,0
28.7,159,0
18.4,59,0
27.9,71,0
21.7,52,0
25.8,144,0
30.3,90,1
24.4,133,0
27,82,0
25.2,125,0
28.8,49,0
32.8,46,0
30.6,143,1
25.8,104,0
28.1,60,0
28.7,141,0
38.9,116,1
26.2,42,0
39.6,111,1
29.7,227,1
32.4,76,1
30.6,63,1
26.5,31,0
25.3,88,0
31.1,219,1
23,72,0
30.3,117,1
40,76,1
19.3,69,0
30.6,139,1
52.9,130,1
41.2,85,1
42.1,197,1
25.9,75,0
29.5,136,1
26.1,56,0
30.8,76,1
26.9,119,0
42.8,80,1
26.2,52,0
31.6,1213,1
39.8,60,1
21.7,77,0
25.3,43,0
26.1,143,0
31.3,144,1
56.9,103,1
28.7,104,1
28,377,1
19.5,36,0
30.9,107,1
31.3,108,0
29.1,184,1
30.7,92,1
23.5,149,0
22,63,0
23.8,67,0
21.2,60,0
24.8,62,0
28.6,122,0
27,180,1
40.1,97,1
19.7,70,0
24,91,0
25.6,69,0
21.5,41,0
35.7,264,1
23.4,110,0
30.5,96,0
40.6,77,1
37.1,82,1
19.1,101,0
26.5,85,0
38.9,50,1
42,100,1
39.8,126,1
60.3,160,1
20.6,104,0
31.8,243,1
32.1,138,1
28.9,80,0
23.9,62,0
29.2,144,1
26.1,99,0
27.6,217,1
33,79,1
27,79,0
42.4,267,1
31.8,167,1
25.8,92,0
26.5,30,0
23.5,29,0
31.7,266,1
32.7,547,1
27.8,61,0
19.9,101,0
48.9,212,1
34.8,70,1
26,207,1
35.3,105,1
18.9,35,0
28.9,75,1
19.8,65,0
32.4,68,1
18.7,27,0
24,48,0
32.5,161,1
24.2,180,0
25.5,41,0
29.8,76,1
21.3,41,0
23.4,47,0
30,158,1
29,164,1
22.1,90,0
31.7,32,0
28.8,101,0
28.3,82,0
57.3,40,1
35,72,1
23.6,109,0
26.5,91,0
31.3,152,1
37.9,74,1
30,78,1
21.3,29,0
27.3,83,0
29.9,115,0
29.9,94,1
23.3,219,0
42.4,110,1
32.6,78,1
29.9,79,0
30.2,55,0
25.4,112,0
34.5,320,1
31.6,126,1
42.4,94,1
27.6,335,1
34.4,78,1
26.4,128,0
29.1,172,0
35.5,179,1
37.5,117,1
35.7,46,1
30.4,30,0
25.6,114,0
20.6,52,0
27.6,77,1
32.9,124,1
34,105,1
26.4,198,1
22.6,51,0
44.8,144,1
22.8,90,0
25,137,0
36,86,1
34.3,100,1
28.8,107,0
48,51,1
33.7,97,1
28,133,1
22.5,48,0
23.5,126,0
18.6,61,0
29.5,184,1
23.5,139,0
38.6,74,1
34.2,121,1
16.5,34,0
20.4,29,0
22.9,93,0
65.3,95,1
37.7,126,1
20.4,93,0
29.6,242,1
29,56,0
42.8,113,1
36.5,46,0
33.5,142,1
33.6,63,0
19,73,0
27.3,417,1
26.4,31,0
37.2,187,1
25.8,104,0
25.5,126,0
32.4,143,1
34.1,83,1
27.3,50,0
28.4,90,1
21.2,63,0
29.8,112,0
38.3,283,1
21.4,86,0
36.5,57,1
31.7,89,0
30.8,65,0
20.6,31,0
30.9,136,1
31.2,159,1
23.7,79,0
33.7,236,1
35.7,50,1
26.1,34,0
20.3,94,0
27,30,0
20.2,47,0
26.3,67,0
23.1,59,0
36.2,101,1
34.8,150,1
31.8,38,0
53.3,44,1
26.6,86,0
21.6,46,0
24.1,60,0
41.4,112,1
27.9,115,1
34.3,74,1
25.4,66,0
26.9,111,0
26.9,134,1
35.4,60,1
35.1,229,1
29.4,197,1
33.7,44,0
23.6,109,1
33.6,35,0
40.1,247,1
48.1,137,1
35.8,240,1
29,59,0
48.4,97,1
29.9,38,0
25.6,69,0
27,76,1
16.2,70,0
23.2,63,0
21.9,120,0
28.3,181,0
23.1,52,0
18.8,32,0
32,61,1
24.6,148,0
23.7,44,0
21,62,0
29.9,290,1
22.3,116,0
29.4,60,0
32.7,45,1
22.3,27,0
30.9,126,1
30.4,113,1
27.6,140,0
34.1,89,1
32.1,130,1
28.2,150,1
27.4,70,0
25.6,168,0
33.7,121,1
40.9,64,1
39.5,164,1
20.7,114,0
27,502,1
25,55,0
34.8,47,1
30.3,225,1
27.7,82,0
26.1,91,0
29.9,137,1
23.1,119,0
27.8,94,0
27.3,114,0
34.3,122,1
28.2,87,0
25.5,119,0
27.4,55,0
27.9,90,1
25.8,111,1
19.5,96,0
26.4,126,0
23.7,81,0
25.9,77,0
27.8,119,1
31.3,48,0
26.9,45,0
32.6,143,1
45.9,50,1
27.8,97,0
33.5,104,1
38.6,68,1
28.9,50,0
19.9,46,0
26.2,79,0
28.9,67,1
33.2,227,1
50.7,644,1
27.4,63,0
24.7,70,0
23.9,60,0
29,167,1
30.9,110,1
27.8,56,0
25.3,42,0
27.3,172,0
33.4,266,1
24.6,24,0
31,130,1
18,44,0
31.3,87,1
25.7,27,0
31.9,106,1
24.2,69,0
38.5,104,1
28.4,43,0
29,72,0
24.3,128,0
25.5,114,0
22.7,49,0
46.1,149,1
27,42,0
19.8,47,0
23.5,51,0
26.2,101,0
42.7,130,1
24.7,134,1
20.4,196,0
24.5,51,0
24.9,89,0
23.4,66,0
28.3,708,1
15.7,68,0
31.2,65,1
25.7,134,0
30.2,147,1
26.6,88,0
26.4,83,0
36.6,123,1
27.7,109,0
29.5,128,1
31.9,96,1
31.1,252,1
28.7,131,0
28.7,165,1
38.6,72,1
38.9,194,1
30,111,1
32.8,139,1
44,84,1
26.3,108,0
29.2,206,1
20,38,0
30.5,49,0
37.2,97,1
21.7,45,0
29.4,271,1
27.2,73,0
38.6,78,1
21,75,0
34.7,91,1
29,130,0
23.2,99,0
33.5,164,1
26.8,96,0
28.6,171,1
23.1,32,0
30.6,98,1
27,103,0
25.1,58,0
31.7,192,1
21.6,40,0
28.3,97,0
29.6,156,1
33.7,59,1
28.9,79,0
21.1,42,0
36.7,32,0
30.1,50,0
19.7,60,0
18.2,23,0
34,96,1
24,142,0
22.8,50,0
34.2,253,1
28,159,1
16.3,22,0
22.5,33,0
23.6,52,0
30.8,113,1
24.1,224,0
28.1,122,1
23.6,56,0
32.7,245,1
28,75,0
28.7,134,0
31,101,1
31.6,92,1
20.8,134,0
28.9,217,1
32.5,150,1
24.3,49,0
21.7,62,0
26.2,47,0
20.7,98,0
32.8,164,1
41,189,1
23.8,175,0
24.6,144,0
33.5,55,1
30.8,97,1
28.6,231,1
30,74,1
23.6,256,1
35.1,65,1
22.6,39,0
34.6,102,1
32.7,78,0
34.3,55,1
31.6,99,1
21.8,104,0
25.4,84,0
25.9,58,0
44.3,185,1
26.5,117,0
19.7,90,0
34.2,177,1
47,195,1
30.8,132,1
23,111,0
48.8,157,1
19.4,64,0
25.6,197,1
25.7,101,0
31.6,102,1
28.1,49,0
27.2,143,0
35.6,76,1
23.4,82,0
36.5,88,1
24.7,183,1
27.8,159,0
22.4,52,0
35.1,163,1
34.8,88,1
26.3,98,0
25.2,35,0
20.2,52,0
20,78,0
26.1,49,0
36.1,269,1
